-- phpMyAdmin SQL Dump
-- version 4.5.2
-- http://www.phpmyadmin.net
--
-- Host: localhost
-- Generation Time: Dec 13, 2016 at 09:39 PM
-- Server version: 10.1.13-MariaDB
-- PHP Version: 5.5.35

SET SQL_MODE = "NO_AUTO_VALUE_ON_ZERO";
SET time_zone = "+00:00";


/*!40101 SET @OLD_CHARACTER_SET_CLIENT=@@CHARACTER_SET_CLIENT */;
/*!40101 SET @OLD_CHARACTER_SET_RESULTS=@@CHARACTER_SET_RESULTS */;
/*!40101 SET @OLD_COLLATION_CONNECTION=@@COLLATION_CONNECTION */;
/*!40101 SET NAMES utf8mb4 */;

--
-- Database: `stackoverflow`
--
CREATE DATABASE IF NOT EXISTS `stackoverflow` DEFAULT CHARACTER SET latin1 COLLATE latin1_swedish_ci;
USE `stackoverflow`;

-- --------------------------------------------------------

--
-- Table structure for table `answer`
--

CREATE TABLE `answer` (
  `aid` int(200) NOT NULL,
  `answers` longtext NOT NULL,
  `votes` varchar(200) NOT NULL,
  `bestanswer` varchar(200) NOT NULL,
  `qid` int(11) NOT NULL,
  `auid` int(15) NOT NULL
) ENGINE=InnoDB DEFAULT CHARSET=latin1;

--
-- Dumping data for table `answer`
--

INSERT INTO `answer` (`aid`, `answers`, `votes`, `bestanswer`, `qid`, `auid`) VALUES
(1, '       UPDATE mytable\r\n    SET column1 = value1,\r\n        column2 = value2\r\n    WHERE key_value = some_value;', '', '1', 33, 1),
(5, 'UPDATE will change only the columns you specifically list.The WHERE clause limits which rows are updated. Generally you''d use this to identify your table''s primary key (or ID) value, so that you''re up', '', '0', 33, 2),
(29, '&lt;p style=&quot;margin-bottom: 1em; padding: 0px; border: 0px; font-size: 15px; clear: both; color: rgb(36, 39, 41); font-family: Arial, &amp;quot;Helvetica Neue&amp;quot;, Helvetica, sans-serif;&quot;&gt;You can use&amp;nbsp;&lt;a href=&quot;http://blog.sqlauthority.com/2007/06/08/sql-server-insert-multiple-records-using-one-insert-statement-use-of-union-all/&quot; style=&quot;margin: 0px; padding: 0px; border: 0px; color: rgb(0, 89, 153); cursor: pointer;&quot;&gt;INSERT with SELECT UNION ALL&lt;/a&gt;:&lt;/p&gt;&lt;pre class=&quot;lang-sql prettyprint prettyprinted&quot; style=&quot;margin-bottom: 1em; padding: 5px; border-width: 0px; border-style: initial; border-color: initial; width: auto; max-height: 600px; font-family: Consolas, Menlo, Monaco, &amp;quot;Lucida Console&amp;quot;, &amp;quot;Liberation Mono&amp;quot;, &amp;quot;DejaVu Sans Mono&amp;quot;, &amp;quot;Bitstream Vera Sans Mono&amp;quot;, &amp;quot;Courier New&amp;quot;, monospace, sans-serif; background-color: rgb(239, 240, 241); color: rgb(57, 51, 24); word-wrap: normal;&quot;&gt;&lt;code style=&quot;margin: 0px; border: 0px; font-size: 13px; font-family: Consolas, Menlo, Monaco, &amp;quot;Lucida Console&amp;quot;, &amp;quot;Liberation Mono&amp;quot;, &amp;quot;DejaVu Sans Mono&amp;quot;, &amp;quot;Bitstream Vera Sans Mono&amp;quot;, &amp;quot;Courier New&amp;quot;, monospace, sans-serif; background-color: rgb(239, 240, 241); white-space: inherit;&quot;&gt;&lt;span class=&quot;kwd&quot; style=&quot;margin: 0px; padding: 0px; border: 0px; color: rgb(16, 16, 148);&quot;&gt;INSERT&lt;/span&gt;&lt;span class=&quot;pln&quot; style=&quot;margin: 0px; padding: 0px; border: 0px; color: rgb(48, 51, 54);&quot;&gt; &lt;/span&gt;&lt;span class=&quot;kwd&quot; style=&quot;margin: 0px; padding: 0px; border: 0px; color: rgb(16, 16, 148);&quot;&gt;INTO&lt;/span&gt;&lt;span class=&quot;pln&quot; style=&quot;margin: 0px; padding: 0px; border: 0px; color: rgb(48, 51, 54);&quot;&gt; MyTable  &lt;/span&gt;&lt;span class=&quot;pun&quot; style=&quot;margin: 0px; padding: 0px; border: 0px; color: rgb(48, 51, 54);&quot;&gt;(&lt;/span&gt;&lt;span class=&quot;pln&quot; style=&quot;margin: 0px; padding: 0px; border: 0px; color: rgb(48, 51, 54);&quot;&gt;FirstCol&lt;/span&gt;&lt;span class=&quot;pun&quot; style=&quot;margin: 0px; padding: 0px; border: 0px; color: rgb(48, 51, 54);&quot;&gt;,&lt;/span&gt;&lt;span class=&quot;pln&quot; style=&quot;margin: 0px; padding: 0px; border: 0px; color: rgb(48, 51, 54);&quot;&gt; SecondCol&lt;/span&gt;&lt;span class=&quot;pun&quot; style=&quot;margin: 0px; padding: 0px; border: 0px; color: rgb(48, 51, 54);&quot;&gt;)&lt;/span&gt;&lt;span class=&quot;pln&quot; style=&quot;margin: 0px; padding: 0px; border: 0px; color: rgb(48, 51, 54);&quot;&gt;\r\n    &lt;/span&gt;&lt;span class=&quot;kwd&quot; style=&quot;margin: 0px; padding: 0px; border: 0px; color: rgb(16, 16, 148);&quot;&gt;SELECT&lt;/span&gt;&lt;span class=&quot;pln&quot; style=&quot;margin: 0px; padding: 0px; border: 0px; color: rgb(48, 51, 54);&quot;&gt;  &lt;/span&gt;&lt;span class=&quot;str&quot; style=&quot;margin: 0px; padding: 0px; border: 0px; color: rgb(125, 39, 39);&quot;&gt;''First''&lt;/span&gt;&lt;span class=&quot;pln&quot; style=&quot;margin: 0px; padding: 0px; border: 0px; color: rgb(48, 51, 54);&quot;&gt; &lt;/span&gt;&lt;span class=&quot;pun&quot; style=&quot;margin: 0px; padding: 0px; border: 0px; color: rgb(48, 51, 54);&quot;&gt;,&lt;/span&gt;&lt;span class=&quot;lit&quot; style=&quot;margin: 0px; padding: 0px; border: 0px; color: rgb(125, 39, 39);&quot;&gt;1&lt;/span&gt;&lt;span class=&quot;pln&quot; style=&quot;margin: 0px; padding: 0px; border: 0px; color: rgb(48, 51, 54);&quot;&gt;\r\n    &lt;/span&gt;&lt;span class=&quot;kwd&quot; style=&quot;margin: 0px; padding: 0px; border: 0px; color: rgb(16, 16, 148);&quot;&gt;UNION&lt;/span&gt;&lt;span class=&quot;pln&quot; style=&quot;margin: 0px; padding: 0px; border: 0px; color: rgb(48, 51, 54);&quot;&gt; &lt;/span&gt;&lt;span class=&quot;kwd&quot; style=&quot;margin: 0px; padding: 0px; border: 0px; color: rgb(16, 16, 148);&quot;&gt;ALL&lt;/span&gt;&lt;span class=&quot;pln&quot; style=&quot;margin: 0px; padding: 0px; border: 0px; color: rgb(48, 51, 54);&quot;&gt;\r\n&lt;/span&gt;&lt;span class=&quot;kwd&quot; style=&quot;margin: 0px; padding: 0px; border: 0px; color: rgb(16, 16, 148);&quot;&gt;SELECT&lt;/span&gt;&lt;span class=&quot;pln&quot; style=&quot;margin: 0px; padding: 0px; border: 0px; color: rgb(48, 51, 54);&quot;&gt;  &lt;/span&gt;&lt;span class=&quot;str&quot; style=&quot;margin: 0px; padding: 0px; border: 0px; color: rgb(125, 39, 39);&quot;&gt;''Second''&lt;/span&gt;&lt;span class=&quot;pln&quot; style=&quot;margin: 0px; padding: 0px; border: 0px; color: rgb(48, 51, 54);&quot;&gt; &lt;/span&gt;&lt;span class=&quot;pun&quot; style=&quot;margin: 0px; padding: 0px; border: 0px; color: rgb(48, 51, 54);&quot;&gt;,&lt;/span&gt;&lt;span class=&quot;lit&quot; style=&quot;margin: 0px; padding: 0px; border: 0px; color: rgb(125, 39, 39);&quot;&gt;2&lt;/span&gt;&lt;span class=&quot;pln&quot; style=&quot;margin: 0px; padding: 0px; border: 0px; color: rgb(48, 51, 54);&quot;&gt;\r\n    &lt;/span&gt;&lt;span class=&quot;kwd&quot; style=&quot;margin: 0px; padding: 0px; border: 0px; color: rgb(16, 16, 148);&quot;&gt;UNION&lt;/span&gt;&lt;span class=&quot;pln&quot; style=&quot;margin: 0px; padding: 0px; border: 0px; color: rgb(48, 51, 54);&quot;&gt; &lt;/span&gt;&lt;span class=&quot;kwd&quot; style=&quot;margin: 0px; padding: 0px; border: 0px; color: rgb(16, 16, 148);&quot;&gt;ALL&lt;/span&gt;&lt;span class=&quot;pln&quot; style=&quot;margin: 0px; padding: 0px; border: 0px; color: rgb(48, 51, 54);&quot;&gt;\r\n&lt;/span&gt;&lt;span class=&quot;kwd&quot; style=&quot;margin: 0px; padding: 0px; border: 0px; color: rgb(16, 16, 148);&quot;&gt;SELECT&lt;/span&gt;&lt;span class=&quot;pln&quot; style=&quot;margin: 0px; padding: 0px; border: 0px; color: rgb(48, 51, 54);&quot;&gt;  &lt;/span&gt;&lt;span class=&quot;str&quot; style=&quot;margin: 0px; padding: 0px; border: 0px; color: rgb(125, 39, 39);&quot;&gt;''Third''&lt;/span&gt;&lt;span class=&quot;pln&quot; style=&quot;margin: 0px; padding: 0px; border: 0px; color: rgb(48, 51, 54);&quot;&gt; &lt;/span&gt;&lt;span class=&quot;pun&quot; style=&quot;margin: 0px; padding: 0px; border: 0px; color: rgb(48, 51, 54);&quot;&gt;,&lt;/span&gt;&lt;span class=&quot;lit&quot; style=&quot;margin: 0px; padding: 0px; border: 0px; color: rgb(125, 39, 39);&quot;&gt;3&lt;/span&gt;&lt;span class=&quot;pln&quot; style=&quot;margin: 0px; padding: 0px; border: 0px; color: rgb(48, 51, 54);&quot;&gt;\r\n&lt;/span&gt;&lt;span class=&quot;pun&quot; style=&quot;margin: 0px; padding: 0px; border: 0px; color: rgb(48, 51, 54);&quot;&gt;...&lt;/span&gt;&lt;/code&gt;&lt;/pre&gt;', '', '0', 58, 10),
(30, '&lt;p style=&quot;margin-bottom: 1em; padding: 0px; border: 0px; font-size: 15px; clear: both; color: rgb(36, 39, 41); font-family: Arial, &amp;quot;Helvetica Neue&amp;quot;, Helvetica, sans-serif;&quot;&gt;&lt;code style=&quot;margin: 0px; padding: 1px 5px; border: 0px; font-size: 13px; font-family: Consolas, Menlo, Monaco, &amp;quot;Lucida Console&amp;quot;, &amp;quot;Liberation Mono&amp;quot;, &amp;quot;DejaVu Sans Mono&amp;quot;, &amp;quot;Bitstream Vera Sans Mono&amp;quot;, &amp;quot;Courier New&amp;quot;, monospace, sans-serif; background-color: rgb(239, 240, 241); white-space: pre-wrap;&quot;&gt;INSERT&lt;/code&gt;&amp;nbsp;statements that use&amp;nbsp;&lt;code style=&quot;margin: 0px; padding: 1px 5px; border: 0px; font-size: 13px; font-family: Consolas, Menlo, Monaco, &amp;quot;Lucida Console&amp;quot;, &amp;quot;Liberation Mono&amp;quot;, &amp;quot;DejaVu Sans Mono&amp;quot;, &amp;quot;Bitstream Vera Sans Mono&amp;quot;, &amp;quot;Courier New&amp;quot;, monospace, sans-serif; background-color: rgb(239, 240, 241); white-space: pre-wrap;&quot;&gt;VALUES&lt;/code&gt;&amp;nbsp;syntax can insert multiple rows. To do this, include multiple lists of column values, each enclosed within parentheses and separated by commas.&lt;/p&gt;&lt;p style=&quot;margin-bottom: 1em; padding: 0px; border: 0px; font-size: 15px; clear: both; color: rgb(36, 39, 41); font-family: Arial, &amp;quot;Helvetica Neue&amp;quot;, Helvetica, sans-serif;&quot;&gt;&lt;strong style=&quot;margin: 0px; padding: 0px; border: 0px;&quot;&gt;Example:&lt;/strong&gt;&lt;/p&gt;&lt;pre class=&quot;lang-sql prettyprint prettyprinted&quot; style=&quot;margin-bottom: 1em; padding: 5px; border-width: 0px; border-style: initial; border-color: initial; width: auto; max-height: 600px; font-family: Consolas, Menlo, Monaco, &amp;quot;Lucida Console&amp;quot;, &amp;quot;Liberation Mono&amp;quot;, &amp;quot;DejaVu Sans Mono&amp;quot;, &amp;quot;Bitstream Vera Sans Mono&amp;quot;, &amp;quot;Courier New&amp;quot;, monospace, sans-serif; background-color: rgb(239, 240, 241); color: rgb(57, 51, 24); word-wrap: normal;&quot;&gt;&lt;code style=&quot;margin: 0px; border: 0px; font-size: 13px; font-family: Consolas, Menlo, Monaco, &amp;quot;Lucida Console&amp;quot;, &amp;quot;Liberation Mono&amp;quot;, &amp;quot;DejaVu Sans Mono&amp;quot;, &amp;quot;Bitstream Vera Sans Mono&amp;quot;, &amp;quot;Courier New&amp;quot;, monospace, sans-serif; background-color: rgb(239, 240, 241); white-space: inherit;&quot;&gt;&lt;span class=&quot;kwd&quot; style=&quot;margin: 0px; padding: 0px; border: 0px; color: rgb(16, 16, 148);&quot;&gt;INSERT&lt;/span&gt;&lt;span class=&quot;pln&quot; style=&quot;margin: 0px; padding: 0px; border: 0px; color: rgb(48, 51, 54);&quot;&gt; &lt;/span&gt;&lt;span class=&quot;kwd&quot; style=&quot;margin: 0px; padding: 0px; border: 0px; color: rgb(16, 16, 148);&quot;&gt;INTO&lt;/span&gt;&lt;span class=&quot;pln&quot; style=&quot;margin: 0px; padding: 0px; border: 0px; color: rgb(48, 51, 54);&quot;&gt; tbl_name &lt;/span&gt;&lt;span class=&quot;pun&quot; style=&quot;margin: 0px; padding: 0px; border: 0px; color: rgb(48, 51, 54);&quot;&gt;(&lt;/span&gt;&lt;span class=&quot;pln&quot; style=&quot;margin: 0px; padding: 0px; border: 0px; color: rgb(48, 51, 54);&quot;&gt;a&lt;/span&gt;&lt;span class=&quot;pun&quot; style=&quot;margin: 0px; padding: 0px; border: 0px; color: rgb(48, 51, 54);&quot;&gt;,&lt;/span&gt;&lt;span class=&quot;pln&quot; style=&quot;margin: 0px; padding: 0px; border: 0px; color: rgb(48, 51, 54);&quot;&gt;b&lt;/span&gt;&lt;span class=&quot;pun&quot; style=&quot;margin: 0px; padding: 0px; border: 0px; color: rgb(48, 51, 54);&quot;&gt;,&lt;/span&gt;&lt;span class=&quot;pln&quot; style=&quot;margin: 0px; padding: 0px; border: 0px; color: rgb(48, 51, 54);&quot;&gt;c&lt;/span&gt;&lt;span class=&quot;pun&quot; style=&quot;margin: 0px; padding: 0px; border: 0px; color: rgb(48, 51, 54);&quot;&gt;)&lt;/span&gt;&lt;span class=&quot;pln&quot; style=&quot;margin: 0px; padding: 0px; border: 0px; color: rgb(48, 51, 54);&quot;&gt; &lt;/span&gt;&lt;span class=&quot;kwd&quot; style=&quot;margin: 0px; padding: 0px; border: 0px; color: rgb(16, 16, 148);&quot;&gt;VALUES&lt;/span&gt;&lt;span class=&quot;pun&quot; style=&quot;margin: 0px; padding: 0px; border: 0px; color: rgb(48, 51, 54);&quot;&gt;(&lt;/span&gt;&lt;span class=&quot;lit&quot; style=&quot;margin: 0px; padding: 0px; border: 0px; color: rgb(125, 39, 39);&quot;&gt;1&lt;/span&gt;&lt;span class=&quot;pun&quot; style=&quot;margin: 0px; padding: 0px; border: 0px; color: rgb(48, 51, 54);&quot;&gt;,&lt;/span&gt;&lt;span class=&quot;lit&quot; style=&quot;margin: 0px; padding: 0px; border: 0px; color: rgb(125, 39, 39);&quot;&gt;2&lt;/span&gt;&lt;span class=&quot;pun&quot; style=&quot;margin: 0px; padding: 0px; border: 0px; color: rgb(48, 51, 54);&quot;&gt;,&lt;/span&gt;&lt;span class=&quot;lit&quot; style=&quot;margin: 0px; padding: 0px; border: 0px; color: rgb(125, 39, 39);&quot;&gt;3&lt;/span&gt;&lt;span class=&quot;pun&quot; style=&quot;margin: 0px; padding: 0px; border: 0px; color: rgb(48, 51, 54);&quot;&gt;),(&lt;/span&gt;&lt;span class=&quot;lit&quot; style=&quot;margin: 0px; padding: 0px; border: 0px; color: rgb(125, 39, 39);&quot;&gt;4&lt;/span&gt;&lt;span class=&quot;pun&quot; style=&quot;margin: 0px; padding: 0px; border: 0px; color: rgb(48, 51, 54);&quot;&gt;,&lt;/span&gt;&lt;span class=&quot;lit&quot; style=&quot;margin: 0px; padding: 0px; border: 0px; color: rgb(125, 39, 39);&quot;&gt;5&lt;/span&gt;&lt;span class=&quot;pun&quot; style=&quot;margin: 0px; padding: 0px; border: 0px; color: rgb(48, 51, 54);&quot;&gt;,&lt;/span&gt;&lt;span class=&quot;lit&quot; style=&quot;margin: 0px; padding: 0px; border: 0px; color: rgb(125, 39, 39);&quot;&gt;6&lt;/span&gt;&lt;span class=&quot;pun&quot; style=&quot;margin: 0px; padding: 0px; border: 0px; color: rgb(48, 51, 54);&quot;&gt;),(&lt;/span&gt;&lt;span class=&quot;lit&quot; style=&quot;margin: 0px; padding: 0px; border: 0px; color: rgb(125, 39, 39);&quot;&gt;7&lt;/span&gt;&lt;span class=&quot;pun&quot; style=&quot;margin: 0px; padding: 0px; border: 0px; color: rgb(48, 51, 54);&quot;&gt;,&lt;/span&gt;&lt;span class=&quot;lit&quot; style=&quot;margin: 0px; padding: 0px; border: 0px; color: rgb(125, 39, 39);&quot;&gt;8&lt;/span&gt;&lt;span class=&quot;pun&quot; style=&quot;margin: 0px; padding: 0px; border: 0px; color: rgb(48, 51, 54);&quot;&gt;,&lt;/span&gt;&lt;span class=&quot;lit&quot; style=&quot;margin: 0px; padding: 0px; border: 0px; color: rgb(125, 39, 39);&quot;&gt;9&lt;/span&gt;&lt;span class=&quot;pun&quot; style=&quot;margin: 0px; padding: 0px; border: 0px; color: rgb(48, 51, 54);&quot;&gt;);&lt;/span&gt;&lt;/code&gt;&lt;/pre&gt;', '', '1', 58, 12),
(33, '&lt;p&gt;I&lt;span style=&quot;color: rgb(36, 39, 41); font-family: Arial, &amp;quot;Helvetica Neue&amp;quot;, Helvetica, sans-serif; font-size: 15px;&quot;&gt;n&lt;/span&gt;&lt;span style=&quot;color: rgb(36, 39, 41); font-family: Arial, &amp;quot;Helvetica Neue&amp;quot;, Helvetica, sans-serif; font-size: 15px;&quot;&gt;&amp;nbsp;&lt;/span&gt;&lt;strong style=&quot;color: rgb(36, 39, 41); font-family: Arial, &amp;quot;Helvetica Neue&amp;quot;, Helvetica, sans-serif; font-size: 15px; margin: 0px; padding: 0px; border: 0px;&quot;&gt;HTML5&lt;/strong&gt;&lt;span style=&quot;color: rgb(36, 39, 41); font-family: Arial, &amp;quot;Helvetica Neue&amp;quot;, Helvetica, sans-serif; font-size: 15px;&quot;&gt;, the meaning of&lt;/span&gt;&lt;span style=&quot;color: rgb(36, 39, 41); font-family: Arial, &amp;quot;Helvetica Neue&amp;quot;, Helvetica, sans-serif; font-size: 15px;&quot;&gt;&amp;nbsp;&lt;/span&gt;&lt;code style=&quot;margin: 0px; padding: 1px 5px; border: 0px; font-size: 13px; font-family: Consolas, Menlo, Monaco, &amp;quot;Lucida Console&amp;quot;, &amp;quot;Liberation Mono&amp;quot;, &amp;quot;DejaVu Sans Mono&amp;quot;, &amp;quot;Bitstream Vera Sans Mono&amp;quot;, &amp;quot;Courier New&amp;quot;, monospace, sans-serif; background-color: rgb(239, 240, 241); white-space: pre-wrap;&quot;&gt;&amp;lt;foo /&amp;gt;&lt;/code&gt;&lt;span style=&quot;color: rgb(36, 39, 41); font-family: Arial, &amp;quot;Helvetica Neue&amp;quot;, Helvetica, sans-serif; font-size: 15px;&quot;&gt;&amp;nbsp;&lt;/span&gt;&lt;a href=&quot;https://www.w3.org/TR/html5/syntax.html#start-tags&quot; style=&quot;font-family: Arial, &amp;quot;Helvetica Neue&amp;quot;, Helvetica, sans-serif; font-size: 15px; background-color: rgb(255, 255, 255); margin: 0px; padding: 0px; border: 0px; color: rgb(0, 89, 153); cursor: pointer;&quot;&gt;depends on the type of element&lt;/a&gt;&lt;span style=&quot;color: rgb(36, 39, 41); font-family: Arial, &amp;quot;Helvetica Neue&amp;quot;, Helvetica, sans-serif; font-size: 15px;&quot;&gt;.&lt;/span&gt;&lt;/p&gt;&lt;ul style=&quot;margin-right: 0px; margin-bottom: 0px; margin-left: 30px; padding: 0.5em 0px 0px; border: 0px; font-size: 15px; color: rgb(36, 39, 41); font-family: Arial, &amp;quot;Helvetica Neue&amp;quot;, Helvetica, sans-serif;&quot;&gt;&lt;li style=&quot;margin: 0px 0px 0.5em; padding: 0px; border: 0px; word-wrap: break-word;&quot;&gt;On HTML elements that are designated as&amp;nbsp;&lt;em style=&quot;margin: 0px; padding: 0px; border: 0px;&quot;&gt;void elements&lt;/em&gt;, it is allowed, but has no meaning. It is just syntactic sugar for people (and syntax highlighters) that are addicted to XML.&lt;/li&gt;&lt;li style=&quot;margin: 0px 0px 0.5em; padding: 0px; border: 0px; word-wrap: break-word;&quot;&gt;On other HTML elements, it is an error, but error recovery will cause browsers to treat it as a start tag. This will usually end up with a missing end tag putting subsequent elements as children of it.&lt;/li&gt;&lt;li style=&quot;margin: 0px; padding: 0px; border: 0px; word-wrap: break-word;&quot;&gt;Foreign elements (imported from XML applications such as SVG) treat it as self-closing syntax.&lt;/li&gt;&lt;/ul&gt;', '', '', 60, 14),
(37, '&lt;p style=&quot;margin-bottom: 1em; padding: 0px; border: 0px; font-size: 15px; clear: both; color: rgb(36, 39, 41); font-family: Arial, &amp;quot;Helvetica Neue&amp;quot;, Helvetica, sans-serif;&quot;&gt;If you are inserting into a single table, you can write your query like this (maybe only in MySQL):&lt;/p&gt;&lt;pre class=&quot;lang-sql prettyprint prettyprinted&quot; style=&quot;margin-bottom: 1em; padding: 5px; border-width: 0px; border-style: initial; border-color: initial; width: auto; max-height: 600px; font-family: Consolas, Menlo, Monaco, &amp;quot;Lucida Console&amp;quot;, &amp;quot;Liberation Mono&amp;quot;, &amp;quot;DejaVu Sans Mono&amp;quot;, &amp;quot;Bitstream Vera Sans Mono&amp;quot;, &amp;quot;Courier New&amp;quot;, monospace, sans-serif; background-color: rgb(239, 240, 241); color: rgb(57, 51, 24); word-wrap: normal;&quot;&gt;&lt;code style=&quot;margin: 0px; border: 0px; font-size: 13px; font-family: Consolas, Menlo, Monaco, &amp;quot;Lucida Console&amp;quot;, &amp;quot;Liberation Mono&amp;quot;, &amp;quot;DejaVu Sans Mono&amp;quot;, &amp;quot;Bitstream Vera Sans Mono&amp;quot;, &amp;quot;Courier New&amp;quot;, monospace, sans-serif; background-color: rgb(239, 240, 241); white-space: inherit;&quot;&gt;&lt;span class=&quot;kwd&quot; style=&quot;margin: 0px; padding: 0px; border: 0px; color: rgb(16, 16, 148);&quot;&gt;insert&lt;/span&gt;&lt;span class=&quot;pln&quot; style=&quot;margin: 0px; padding: 0px; border: 0px; color: rgb(48, 51, 54);&quot;&gt; &lt;/span&gt;&lt;span class=&quot;kwd&quot; style=&quot;margin: 0px; padding: 0px; border: 0px; color: rgb(16, 16, 148);&quot;&gt;into&lt;/span&gt;&lt;span class=&quot;pln&quot; style=&quot;margin: 0px; padding: 0px; border: 0px; color: rgb(48, 51, 54);&quot;&gt; table1 &lt;/span&gt;&lt;span class=&quot;pun&quot; style=&quot;margin: 0px; padding: 0px; border: 0px; color: rgb(48, 51, 54);&quot;&gt;(&lt;/span&gt;&lt;span class=&quot;pln&quot; style=&quot;margin: 0px; padding: 0px; border: 0px; color: rgb(48, 51, 54);&quot;&gt;First&lt;/span&gt;&lt;span class=&quot;pun&quot; style=&quot;margin: 0px; padding: 0px; border: 0px; color: rgb(48, 51, 54);&quot;&gt;,&lt;/span&gt;&lt;span class=&quot;pln&quot; style=&quot;margin: 0px; padding: 0px; border: 0px; color: rgb(48, 51, 54);&quot;&gt;Last&lt;/span&gt;&lt;span class=&quot;pun&quot; style=&quot;margin: 0px; padding: 0px; border: 0px; color: rgb(48, 51, 54);&quot;&gt;)&lt;/span&gt;&lt;span class=&quot;pln&quot; style=&quot;margin: 0px; padding: 0px; border: 0px; color: rgb(48, 51, 54);&quot;&gt; &lt;/span&gt;&lt;span class=&quot;kwd&quot; style=&quot;margin: 0px; padding: 0px; border: 0px; color: rgb(16, 16, 148);&quot;&gt;values&lt;/span&gt;&lt;span class=&quot;pln&quot; style=&quot;margin: 0px; padding: 0px; border: 0px; color: rgb(48, 51, 54);&quot;&gt; &lt;/span&gt;&lt;span class=&quot;pun&quot; style=&quot;margin: 0px; padding: 0px; border: 0px; color: rgb(48, 51, 54);&quot;&gt;(&lt;/span&gt;&lt;span class=&quot;str&quot; style=&quot;margin: 0px; padding: 0px; border: 0px; color: rgb(125, 39, 39);&quot;&gt;''Fred''&lt;/span&gt;&lt;span class=&quot;pun&quot; style=&quot;margin: 0px; padding: 0px; border: 0px; color: rgb(48, 51, 54);&quot;&gt;,&lt;/span&gt;&lt;span class=&quot;str&quot; style=&quot;margin: 0px; padding: 0px; border: 0px; color: rgb(125, 39, 39);&quot;&gt;''Smith''&lt;/span&gt;&lt;span class=&quot;pun&quot; style=&quot;margin: 0px; padding: 0px; border: 0px; color: rgb(48, 51, 54);&quot;&gt;),&lt;/span&gt;&lt;span class=&quot;pln&quot; style=&quot;margin: 0px; padding: 0px; border: 0px; color: rgb(48, 51, 54);&quot;&gt;\r\n  &lt;/span&gt;&lt;span class=&quot;pun&quot; style=&quot;margin: 0px; padding: 0px; border: 0px; color: rgb(48, 51, 54);&quot;&gt;(&lt;/span&gt;&lt;span class=&quot;str&quot; style=&quot;margin: 0px; padding: 0px; border: 0px; color: rgb(125, 39, 39);&quot;&gt;''John''&lt;/span&gt;&lt;span class=&quot;pun&quot; style=&quot;margin: 0px; padding: 0px; border: 0px; color: rgb(48, 51, 54);&quot;&gt;,&lt;/span&gt;&lt;span class=&quot;str&quot; style=&quot;margin: 0px; padding: 0px; border: 0px; color: rgb(125, 39, 39);&quot;&gt;''Smith''&lt;/span&gt;&lt;span class=&quot;pun&quot; style=&quot;margin: 0px; padding: 0px; border: 0px; color: rgb(48, 51, 54);&quot;&gt;),&lt;/span&gt;&lt;span class=&quot;pln&quot; style=&quot;margin: 0px; padding: 0px; border: 0px; color: rgb(48, 51, 54);&quot;&gt;\r\n  &lt;/span&gt;&lt;span class=&quot;pun&quot; style=&quot;margin: 0px; padding: 0px; border: 0px; color: rgb(48, 51, 54);&quot;&gt;(&lt;/span&gt;&lt;span class=&quot;str&quot; style=&quot;margin: 0px; padding: 0px; border: 0px; color: rgb(125, 39, 39);&quot;&gt;''Michael''&lt;/span&gt;&lt;span class=&quot;pun&quot; style=&quot;margin: 0px; padding: 0px; border: 0px; color: rgb(48, 51, 54);&quot;&gt;,&lt;/span&gt;&lt;span class=&quot;str&quot; style=&quot;margin: 0px; padding: 0px; border: 0px; color: rgb(125, 39, 39);&quot;&gt;''Smith''&lt;/span&gt;&lt;span class=&quot;pun&quot; style=&quot;margin: 0px; padding: 0px; border: 0px; color: rgb(48, 51, 54);&quot;&gt;),&lt;/span&gt;&lt;span class=&quot;pln&quot; style=&quot;margin: 0px; padding: 0px; border: 0px; color: rgb(48, 51, 54);&quot;&gt;\r\n  &lt;/span&gt;&lt;span class=&quot;pun&quot; style=&quot;margin: 0px; padding: 0px; border: 0px; color: rgb(48, 51, 54);&quot;&gt;(&lt;/span&gt;&lt;span class=&quot;str&quot; style=&quot;margin: 0px; padding: 0px; border: 0px; color: rgb(125, 39, 39);&quot;&gt;''Robert''&lt;/span&gt;&lt;span class=&quot;pun&quot; style=&quot;margin: 0px; padding: 0px; border: 0px; color: rgb(48, 51, 54);&quot;&gt;,&lt;/span&gt;&lt;span class=&quot;str&quot; style=&quot;margin: 0px; padding: 0px; border: 0px; color: rgb(125, 39, 39);&quot;&gt;''Smith''&lt;/span&gt;&lt;span class=&quot;pun&quot; style=&quot;margin: 0px; padding: 0px; border: 0px; color: rgb(48, 51, 54);&quot;&gt;);&lt;/span&gt;&lt;/code&gt;&lt;/pre&gt;', '', '0', 58, 14),
(40, '&lt;p style=&quot;margin-bottom: 1em; padding: 0px; border: 0px; font-size: 15px; clear: both; color: rgb(36, 39, 41); font-family: Arial, &amp;quot;Helvetica Neue&amp;quot;, Helvetica, sans-serif;&quot;&gt;Self-closing tags are valid in HTML5, but not required.&lt;/p&gt;&lt;p style=&quot;margin-bottom: 1em; padding: 0px; border: 0px; font-size: 15px; clear: both; color: rgb(36, 39, 41); font-family: Arial, &amp;quot;Helvetica Neue&amp;quot;, Helvetica, sans-serif;&quot;&gt;&lt;code style=&quot;margin: 0px; padding: 1px 5px; border: 0px; font-size: 13px; font-family: Consolas, Menlo, Monaco, &amp;quot;Lucida Console&amp;quot;, &amp;quot;Liberation Mono&amp;quot;, &amp;quot;DejaVu Sans Mono&amp;quot;, &amp;quot;Bitstream Vera Sans Mono&amp;quot;, &amp;quot;Courier New&amp;quot;, monospace, sans-serif; background-color: rgb(239, 240, 241); white-space: pre-wrap;&quot;&gt;&amp;lt;br&amp;gt;&lt;/code&gt;&amp;nbsp;and&amp;nbsp;&lt;code style=&quot;margin: 0px; padding: 1px 5px; border: 0px; font-size: 13px; font-family: Consolas, Menlo, Monaco, &amp;quot;Lucida Console&amp;quot;, &amp;quot;Liberation Mono&amp;quot;, &amp;quot;DejaVu Sans Mono&amp;quot;, &amp;quot;Bitstream Vera Sans Mono&amp;quot;, &amp;quot;Courier New&amp;quot;, monospace, sans-serif; background-color: rgb(239, 240, 241); white-space: pre-wrap;&quot;&gt;&amp;lt;br /&amp;gt;&lt;/code&gt;&amp;nbsp;are both fine&lt;/p&gt;', '', '', 60, 15),
(41, '&lt;p style=&quot;margin-bottom: 1em; padding: 0px; border: 0px; font-size: 15px; clear: both; color: rgb(36, 39, 41); font-family: Arial, &amp;quot;Helvetica Neue&amp;quot;, Helvetica, sans-serif;&quot;&gt;jQuery is not necessary, and&amp;nbsp;&lt;strong style=&quot;margin: 0px; padding: 0px; border: 0px;&quot;&gt;&lt;code style=&quot;margin: 0px; padding: 1px 5px; border: 0px; font-size: 13px; font-family: Consolas, Menlo, Monaco, &amp;quot;Lucida Console&amp;quot;, &amp;quot;Liberation Mono&amp;quot;, &amp;quot;DejaVu Sans Mono&amp;quot;, &amp;quot;Bitstream Vera Sans Mono&amp;quot;, &amp;quot;Courier New&amp;quot;, monospace, sans-serif; background-color: rgb(239, 240, 241); white-space: pre-wrap;&quot;&gt;window.location.replace(...)&lt;/code&gt;&lt;/strong&gt;&amp;nbsp;will best simulate an HTTP redirect.&lt;/p&gt;&lt;p style=&quot;margin-bottom: 1em; padding: 0px; border: 0px; font-size: 15px; clear: both; color: rgb(36, 39, 41); font-family: Arial, &amp;quot;Helvetica Neue&amp;quot;, Helvetica, sans-serif;&quot;&gt;It is better than using&amp;nbsp;&lt;code style=&quot;margin: 0px; padding: 1px 5px; border: 0px; font-size: 13px; font-family: Consolas, Menlo, Monaco, &amp;quot;Lucida Console&amp;quot;, &amp;quot;Liberation Mono&amp;quot;, &amp;quot;DejaVu Sans Mono&amp;quot;, &amp;quot;Bitstream Vera Sans Mono&amp;quot;, &amp;quot;Courier New&amp;quot;, monospace, sans-serif; background-color: rgb(239, 240, 241); white-space: pre-wrap;&quot;&gt;window.location.href =&lt;/code&gt;, because&amp;nbsp;&lt;code style=&quot;margin: 0px; padding: 1px 5px; border: 0px; font-size: 13px; font-family: Consolas, Menlo, Monaco, &amp;quot;Lucida Console&amp;quot;, &amp;quot;Liberation Mono&amp;quot;, &amp;quot;DejaVu Sans Mono&amp;quot;, &amp;quot;Bitstream Vera Sans Mono&amp;quot;, &amp;quot;Courier New&amp;quot;, monospace, sans-serif; background-color: rgb(239, 240, 241); white-space: pre-wrap;&quot;&gt;replace()&lt;/code&gt;&amp;nbsp;does not keep the originating page in the session history, meaning the user won''t get stuck in a never-ending back-button fiasco. If you want to simulate someone clicking on a link, use&amp;nbsp;&lt;code style=&quot;margin: 0px; padding: 1px 5px; border: 0px; font-size: 13px; font-family: Consolas, Menlo, Monaco, &amp;quot;Lucida Console&amp;quot;, &amp;quot;Liberation Mono&amp;quot;, &amp;quot;DejaVu Sans Mono&amp;quot;, &amp;quot;Bitstream Vera Sans Mono&amp;quot;, &amp;quot;Courier New&amp;quot;, monospace, sans-serif; background-color: rgb(239, 240, 241); white-space: pre-wrap;&quot;&gt;location.href&lt;/code&gt;. If you want to simulate an HTTP redirect, use&amp;nbsp;&lt;code style=&quot;margin: 0px; padding: 1px 5px; border: 0px; font-size: 13px; font-family: Consolas, Menlo, Monaco, &amp;quot;Lucida Console&amp;quot;, &amp;quot;Liberation Mono&amp;quot;, &amp;quot;DejaVu Sans Mono&amp;quot;, &amp;quot;Bitstream Vera Sans Mono&amp;quot;, &amp;quot;Courier New&amp;quot;, monospace, sans-serif; background-color: rgb(239, 240, 241); white-space: pre-wrap;&quot;&gt;location.replace&lt;/code&gt;.&lt;/p&gt;&lt;p style=&quot;margin-bottom: 1em; padding: 0px; border: 0px; font-size: 15px; clear: both; color: rgb(36, 39, 41); font-family: Arial, &amp;quot;Helvetica Neue&amp;quot;, Helvetica, sans-serif;&quot;&gt;&lt;strong style=&quot;margin: 0px; padding: 0px; border: 0px;&quot;&gt;For example:&lt;/strong&gt;&lt;/p&gt;&lt;pre class=&quot;default prettyprint prettyprinted&quot; style=&quot;margin-bottom: 1em; padding: 5px; border-width: 0px; border-style: initial; border-color: initial; width: auto; max-height: 600px; font-family: Consolas, Menlo, Monaco, &amp;quot;Lucida Console&amp;quot;, &amp;quot;Liberation Mono&amp;quot;, &amp;quot;DejaVu Sans Mono&amp;quot;, &amp;quot;Bitstream Vera Sans Mono&amp;quot;, &amp;quot;Courier New&amp;quot;, monospace, sans-serif; background-color: rgb(239, 240, 241); color: rgb(57, 51, 24); word-wrap: normal;&quot;&gt;&lt;code style=&quot;margin: 0px; border: 0px; font-size: 13px; font-family: Consolas, Menlo, Monaco, &amp;quot;Lucida Console&amp;quot;, &amp;quot;Liberation Mono&amp;quot;, &amp;quot;DejaVu Sans Mono&amp;quot;, &amp;quot;Bitstream Vera Sans Mono&amp;quot;, &amp;quot;Courier New&amp;quot;, monospace, sans-serif; background-color: rgb(239, 240, 241); white-space: inherit;&quot;&gt;&lt;span class=&quot;com&quot; style=&quot;margin: 0px; padding: 0px; border: 0px; color: rgb(133, 140, 147);&quot;&gt;// similar behavior as an HTTP redirect&lt;/span&gt;&lt;span class=&quot;pln&quot; style=&quot;margin: 0px; padding: 0px; border: 0px; color: rgb(48, 51, 54);&quot;&gt;\r\nwindow&lt;/span&gt;&lt;span class=&quot;pun&quot; style=&quot;margin: 0px; padding: 0px; border: 0px; color: rgb(48, 51, 54);&quot;&gt;.&lt;/span&gt;&lt;span class=&quot;pln&quot; style=&quot;margin: 0px; padding: 0px; border: 0px; color: rgb(48, 51, 54);&quot;&gt;location&lt;/span&gt;&lt;span class=&quot;pun&quot; style=&quot;margin: 0px; padding: 0px; border: 0px; color: rgb(48, 51, 54);&quot;&gt;.&lt;/span&gt;&lt;span class=&quot;pln&quot; style=&quot;margin: 0px; padding: 0px; border: 0px; color: rgb(48, 51, 54);&quot;&gt;replace&lt;/span&gt;&lt;span class=&quot;pun&quot; style=&quot;margin: 0px; padding: 0px; border: 0px; color: rgb(48, 51, 54);&quot;&gt;(&lt;/span&gt;&lt;span class=&quot;str&quot; style=&quot;margin: 0px; padding: 0px; border: 0px; color: rgb(125, 39, 39);&quot;&gt;&quot;http://stackoverflow.com&quot;&lt;/span&gt;&lt;span class=&quot;pun&quot; style=&quot;margin: 0px; padding: 0px; border: 0px; color: rgb(48, 51, 54);&quot;&gt;);&lt;/span&gt;&lt;span class=&quot;pln&quot; style=&quot;margin: 0px; padding: 0px; border: 0px; color: rgb(48, 51, 54);&quot;&gt;\r\n\r\n&lt;/span&gt;&lt;span class=&quot;com&quot; style=&quot;margin: 0px; padding: 0px; border: 0px; color: rgb(133, 140, 147);&quot;&gt;// similar behavior as clicking on a link&lt;/span&gt;&lt;span class=&quot;pln&quot; style=&quot;margin: 0px; padding: 0px; border: 0px; color: rgb(48, 51, 54);&quot;&gt;\r\nwindow&lt;/span&gt;&lt;span class=&quot;pun&quot; style=&quot;margin: 0px; padding: 0px; border: 0px; color: rgb(48, 51, 54);&quot;&gt;.&lt;/span&gt;&lt;span class=&quot;pln&quot; style=&quot;margin: 0px; padding: 0px; border: 0px; color: rgb(48, 51, 54);&quot;&gt;location&lt;/span&gt;&lt;span class=&quot;pun&quot; style=&quot;margin: 0px; padding: 0px; border: 0px; color: rgb(48, 51, 54);&quot;&gt;.&lt;/span&gt;&lt;span class=&quot;pln&quot; style=&quot;margin: 0px; padding: 0px; border: 0px; color: rgb(48, 51, 54);&quot;&gt;href &lt;/span&gt;&lt;span class=&quot;pun&quot; style=&quot;margin: 0px; padding: 0px; border: 0px; color: rgb(48, 51, 54);&quot;&gt;=&lt;/span&gt;&lt;span class=&quot;pln&quot; style=&quot;margin: 0px; padding: 0px; border: 0px; color: rgb(48, 51, 54);&quot;&gt; &lt;/span&gt;&lt;span class=&quot;str&quot; style=&quot;margin: 0px; padding: 0px; border: 0px; color: rgb(125, 39, 39);&quot;&gt;&quot;http://stackoverflow.com&quot;&lt;/span&gt;&lt;span class=&quot;pun&quot; style=&quot;margin: 0px; padding: 0px; border: 0px; color: rgb(48, 51, 54);&quot;&gt;;&lt;/span&gt;&lt;/code&gt;&lt;/pre&gt;', '', '', 62, 15),
(42, '&lt;p style=&quot;margin-bottom: 1em; padding: 0px; border: 0px; font-size: 15px; clear: both; color: rgb(36, 39, 41); font-family: Arial, &amp;quot;Helvetica Neue&amp;quot;, Helvetica, sans-serif;&quot;&gt;ou can use&amp;nbsp;&lt;a href=&quot;http://blog.sqlauthority.com/2007/06/08/sql-server-insert-multiple-records-using-one-insert-statement-use-of-union-all/&quot; style=&quot;margin: 0px; padding: 0px; border: 0px; color: rgb(0, 89, 153); cursor: pointer;&quot;&gt;INSERT with SELECT UNION ALL&lt;/a&gt;:&lt;/p&gt;&lt;pre class=&quot;lang-sql prettyprint prettyprinted&quot; style=&quot;margin-bottom: 1em; padding: 5px; border-width: 0px; border-style: initial; border-color: initial; width: auto; max-height: 600px; font-family: Consolas, Menlo, Monaco, &amp;quot;Lucida Console&amp;quot;, &amp;quot;Liberation Mono&amp;quot;, &amp;quot;DejaVu Sans Mono&amp;quot;, &amp;quot;Bitstream Vera Sans Mono&amp;quot;, &amp;quot;Courier New&amp;quot;, monospace, sans-serif; background-color: rgb(239, 240, 241); color: rgb(57, 51, 24); word-wrap: normal;&quot;&gt;&lt;code style=&quot;margin: 0px; border: 0px; font-size: 13px; font-family: Consolas, Menlo, Monaco, &amp;quot;Lucida Console&amp;quot;, &amp;quot;Liberation Mono&amp;quot;, &amp;quot;DejaVu Sans Mono&amp;quot;, &amp;quot;Bitstream Vera Sans Mono&amp;quot;, &amp;quot;Courier New&amp;quot;, monospace, sans-serif; background-color: rgb(239, 240, 241); white-space: inherit;&quot;&gt;&lt;span class=&quot;kwd&quot; style=&quot;margin: 0px; padding: 0px; border: 0px; color: rgb(16, 16, 148);&quot;&gt;INSERT&lt;/span&gt;&lt;span class=&quot;pln&quot; style=&quot;margin: 0px; padding: 0px; border: 0px; color: rgb(48, 51, 54);&quot;&gt; &lt;/span&gt;&lt;span class=&quot;kwd&quot; style=&quot;margin: 0px; padding: 0px; border: 0px; color: rgb(16, 16, 148);&quot;&gt;INTO&lt;/span&gt;&lt;span class=&quot;pln&quot; style=&quot;margin: 0px; padding: 0px; border: 0px; color: rgb(48, 51, 54);&quot;&gt; MyTable  &lt;/span&gt;&lt;span class=&quot;pun&quot; style=&quot;margin: 0px; padding: 0px; border: 0px; color: rgb(48, 51, 54);&quot;&gt;(&lt;/span&gt;&lt;span class=&quot;pln&quot; style=&quot;margin: 0px; padding: 0px; border: 0px; color: rgb(48, 51, 54);&quot;&gt;FirstCol&lt;/span&gt;&lt;span class=&quot;pun&quot; style=&quot;margin: 0px; padding: 0px; border: 0px; color: rgb(48, 51, 54);&quot;&gt;,&lt;/span&gt;&lt;span class=&quot;pln&quot; style=&quot;margin: 0px; padding: 0px; border: 0px; color: rgb(48, 51, 54);&quot;&gt; SecondCol&lt;/span&gt;&lt;span class=&quot;pun&quot; style=&quot;margin: 0px; padding: 0px; border: 0px; color: rgb(48, 51, 54);&quot;&gt;)&lt;/span&gt;&lt;span class=&quot;pln&quot; style=&quot;margin: 0px; padding: 0px; border: 0px; color: rgb(48, 51, 54);&quot;&gt;\r\n    &lt;/span&gt;&lt;span class=&quot;kwd&quot; style=&quot;margin: 0px; padding: 0px; border: 0px; color: rgb(16, 16, 148);&quot;&gt;SELECT&lt;/span&gt;&lt;span class=&quot;pln&quot; style=&quot;margin: 0px; padding: 0px; border: 0px; color: rgb(48, 51, 54);&quot;&gt;  &lt;/span&gt;&lt;span class=&quot;str&quot; style=&quot;margin: 0px; padding: 0px; border: 0px; color: rgb(125, 39, 39);&quot;&gt;''First''&lt;/span&gt;&lt;span class=&quot;pln&quot; style=&quot;margin: 0px; padding: 0px; border: 0px; color: rgb(48, 51, 54);&quot;&gt; &lt;/span&gt;&lt;span class=&quot;pun&quot; style=&quot;margin: 0px; padding: 0px; border: 0px; color: rgb(48, 51, 54);&quot;&gt;,&lt;/span&gt;&lt;span class=&quot;lit&quot; style=&quot;margin: 0px; padding: 0px; border: 0px; color: rgb(125, 39, 39);&quot;&gt;1&lt;/span&gt;&lt;span class=&quot;pln&quot; style=&quot;margin: 0px; padding: 0px; border: 0px; color: rgb(48, 51, 54);&quot;&gt;\r\n    &lt;/span&gt;&lt;span class=&quot;kwd&quot; style=&quot;margin: 0px; padding: 0px; border: 0px; color: rgb(16, 16, 148);&quot;&gt;UNION&lt;/span&gt;&lt;span class=&quot;pln&quot; style=&quot;margin: 0px; padding: 0px; border: 0px; color: rgb(48, 51, 54);&quot;&gt; &lt;/span&gt;&lt;span class=&quot;kwd&quot; style=&quot;margin: 0px; padding: 0px; border: 0px; color: rgb(16, 16, 148);&quot;&gt;ALL&lt;/span&gt;&lt;span class=&quot;pln&quot; style=&quot;margin: 0px; padding: 0px; border: 0px; color: rgb(48, 51, 54);&quot;&gt;\r\n&lt;/span&gt;&lt;span class=&quot;kwd&quot; style=&quot;margin: 0px; padding: 0px; border: 0px; color: rgb(16, 16, 148);&quot;&gt;SELECT&lt;/span&gt;&lt;span class=&quot;pln&quot; style=&quot;margin: 0px; padding: 0px; border: 0px; color: rgb(48, 51, 54);&quot;&gt;  &lt;/span&gt;&lt;span class=&quot;str&quot; style=&quot;margin: 0px; padding: 0px; border: 0px; color: rgb(125, 39, 39);&quot;&gt;''Second''&lt;/span&gt;&lt;span class=&quot;pln&quot; style=&quot;margin: 0px; padding: 0px; border: 0px; color: rgb(48, 51, 54);&quot;&gt; &lt;/span&gt;&lt;span class=&quot;pun&quot; style=&quot;margin: 0px; padding: 0px; border: 0px; color: rgb(48, 51, 54);&quot;&gt;,&lt;/span&gt;&lt;span class=&quot;lit&quot; style=&quot;margin: 0px; padding: 0px; border: 0px; color: rgb(125, 39, 39);&quot;&gt;2&lt;/span&gt;&lt;span class=&quot;pln&quot; style=&quot;margin: 0px; padding: 0px; border: 0px; color: rgb(48, 51, 54);&quot;&gt;\r\n    &lt;/span&gt;&lt;span class=&quot;kwd&quot; style=&quot;margin: 0px; padding: 0px; border: 0px; color: rgb(16, 16, 148);&quot;&gt;UNION&lt;/span&gt;&lt;span class=&quot;pln&quot; style=&quot;margin: 0px; padding: 0px; border: 0px; color: rgb(48, 51, 54);&quot;&gt; &lt;/span&gt;&lt;span class=&quot;kwd&quot; style=&quot;margin: 0px; padding: 0px; border: 0px; color: rgb(16, 16, 148);&quot;&gt;ALL&lt;/span&gt;&lt;span class=&quot;pln&quot; style=&quot;margin: 0px; padding: 0px; border: 0px; color: rgb(48, 51, 54);&quot;&gt;\r\n&lt;/span&gt;&lt;span class=&quot;kwd&quot; style=&quot;margin: 0px; padding: 0px; border: 0px; color: rgb(16, 16, 148);&quot;&gt;SELECT&lt;/span&gt;&lt;span class=&quot;pln&quot; style=&quot;margin: 0px; padding: 0px; border: 0px; color: rgb(48, 51, 54);&quot;&gt;  &lt;/span&gt;&lt;span class=&quot;str&quot; style=&quot;margin: 0px; padding: 0px; border: 0px; color: rgb(125, 39, 39);&quot;&gt;''Third''&lt;/span&gt;&lt;span class=&quot;pln&quot; style=&quot;margin: 0px; padding: 0px; border: 0px; color: rgb(48, 51, 54);&quot;&gt; &lt;/span&gt;&lt;span class=&quot;pun&quot; style=&quot;margin: 0px; padding: 0px; border: 0px; color: rgb(48, 51, 54);&quot;&gt;,&lt;/span&gt;&lt;span class=&quot;lit&quot; style=&quot;margin: 0px; padding: 0px; border: 0px; color: rgb(125, 39, 39);&quot;&gt;3&lt;/span&gt;&lt;span class=&quot;pln&quot; style=&quot;margin: 0px; padding: 0px; border: 0px; color: rgb(48, 51, 54);&quot;&gt;\r\n&lt;/span&gt;&lt;span class=&quot;pun&quot; style=&quot;margin: 0px; padding: 0px; border: 0px; color: rgb(48, 51, 54);&quot;&gt;...&lt;/span&gt;&lt;/code&gt;&lt;/pre&gt;', '', '0', 58, 15),
(47, 'best answer my answer', '', '', 67, 21),
(48, '&lt;p&gt;sd vsd vm dzmv df vm,dsnf mnvdsf knv sdfk&amp;nbsp;&lt;/p&gt;', '', '', 73, 23),
(49, '&lt;pre style=&quot;color: rgb(0, 0, 0); white-space: pre-wrap;&quot;&gt;and hopefully you have [i] nested [u] support [/u] for [b] bbcode [/b]  or this will break[/i]&lt;/pre&gt;', '', '', 73, 23),
(57, '&lt;p&gt;best answr&amp;nbsp;id mndacsad v dvhh df&lt;/p&gt;', '', '', 74, 23);

-- --------------------------------------------------------

--
-- Table structure for table `asker`
--

CREATE TABLE `asker` (
  `uid` int(150) NOT NULL,
  `username` varchar(150) NOT NULL,
  `password` varchar(150) NOT NULL,
  `image` varchar(100) NOT NULL,
  `role` varchar(50) NOT NULL,
  `useremail` varchar(150) NOT NULL,
  `gitv` int(11) NOT NULL
) ENGINE=InnoDB DEFAULT CHARSET=latin1;

--
-- Dumping data for table `asker`
--

INSERT INTO `asker` (`uid`, `username`, `password`, `image`, `role`, `useremail`, `gitv`) VALUES
(1, 'admin', 'cs518pa$$', '', 'administrator', '', 0),
(2, 'winston', 'zeddM0r3', '', '', '', 0),
(3, 'pvenkman', 'imadoctor', '', '', '', 0),
(4, 'slimer', 'f33dM3', '', '', '', 0),
(5, 'staypuft', 'm@r$hM@ll0w', '', '', '', 0),
(6, 'gatekeeper', '$l0r', '', '', '', 0),
(7, 'keymaster', 'n0D@na', '', '', '', 0),
(8, 'zuul ', '105"; DROP TABLE', '', '', '', 0),
(9, 'rstantz', '"; INSERT INTO Customers (CustomerName,Address,City) Values(@0,@1,@2); --', '', '', '', 0),
(10, 'ltully', '<!--<i>', '', '', '', 0),
(11, 'espengler', 'don''t cross the streams', '', '', '', 0),
(12, 'janine', '--!drop tables;', '', '', '', 0),
(13, 'gozer', 'd3$truct0R', '', '', '', 0),
(14, 'jbrunelle', 'M0n@rch$', '', '', '', 0),
(15, 'dbarrett', 'fr1ed3GGS', '', '', '', 0),
(16, 'winston1', 'zeddM0r3', '', '', '', 0),
(17, 'nmiunlj', 'zeddM0r3', '', '', '', 0),
(18, 'winston09', 'zeddM0r3', '', '', '', 0),
(19, 'winston09', 'zeddM0r3', '', '', '', 0),
(20, 'raji123', 'mukkamala', '', '', 'rmukk002@odu.edu', 0),
(21, 'shivu', 'shivu04', '', 'administrator', 'sbima001@odu.edu', 0),
(22, 'raji', 'raji04', '', 'administrator', '', 0),
(23, 'sbima', 'defaultpass', '', 'administrator', 'shivani93.sr@gmail.com', 1);

-- --------------------------------------------------------

--
-- Table structure for table `question`
--

CREATE TABLE `question` (
  `uid` int(150) NOT NULL,
  `qid` int(11) NOT NULL,
  `title` varchar(150) NOT NULL,
  `content` longtext NOT NULL,
  `value` varchar(150) NOT NULL,
  `state` varchar(20) NOT NULL DEFAULT 'TRUE',
  `delstate` varchar(50) NOT NULL,
  `tags` varchar(50) NOT NULL,
  `date` date NOT NULL
) ENGINE=InnoDB DEFAULT CHARSET=latin1;

--
-- Dumping data for table `question`
--

INSERT INTO `question` (`uid`, `qid`, `title`, `content`, `value`, `state`, `delstate`, `tags`, `date`) VALUES
(1, 33, 'How To Update MySQL Based On Field That Changed?', 'How can I change the data in only one cell of a mysql table. I have problem with UPDATE because it makes all the parameters in a column .', '', 'FALSE', 'FALSE', 'sql', '2015-09-08'),
(9, 58, 'Inserting multiple rows in a single SQL query?', '&lt;p style=&quot;margin-bottom: 1em; padding: 0px; border: 0px; font-size: 15px; clear: both; color: rgb(36, 39, 41); font-family: Arial, &amp;quot;Helvetica Neue&amp;quot;, Helvetica, sans-serif;&quot;&gt;I have multiple set of data to insert at once, say 4 rows. My table has three columns:&amp;nbsp;&lt;code style=&quot;margin: 0px; padding: 1px 5px; border: 0px; font-size: 13px; font-family: Consolas, Menlo, Monaco, &amp;quot;Lucida Console&amp;quot;, &amp;quot;Liberation Mono&amp;quot;, &amp;quot;DejaVu Sans Mono&amp;quot;, &amp;quot;Bitstream Vera Sans Mono&amp;quot;, &amp;quot;Courier New&amp;quot;, monospace, sans-serif; background-color: rgb(239, 240, 241); white-space: pre-wrap;&quot;&gt;Person&lt;/code&gt;,&amp;nbsp;&lt;code style=&quot;margin: 0px; padding: 1px 5px; border: 0px; font-size: 13px; font-family: Consolas, Menlo, Monaco, &amp;quot;Lucida Console&amp;quot;, &amp;quot;Liberation Mono&amp;quot;, &amp;quot;DejaVu Sans Mono&amp;quot;, &amp;quot;Bitstream Vera Sans Mono&amp;quot;, &amp;quot;Courier New&amp;quot;, monospace, sans-serif; background-color: rgb(239, 240, 241); white-space: pre-wrap;&quot;&gt;Id&lt;/code&gt;and&amp;nbsp;&lt;code style=&quot;margin: 0px; padding: 1px 5px; border: 0px; font-size: 13px; font-family: Consolas, Menlo, Monaco, &amp;quot;Lucida Console&amp;quot;, &amp;quot;Liberation Mono&amp;quot;, &amp;quot;DejaVu Sans Mono&amp;quot;, &amp;quot;Bitstream Vera Sans Mono&amp;quot;, &amp;quot;Courier New&amp;quot;, monospace, sans-serif; background-color: rgb(239, 240, 241); white-space: pre-wrap;&quot;&gt;Office&lt;/code&gt;.&lt;/p&gt;&lt;pre class=&quot;lang-sql prettyprint prettyprinted&quot; style=&quot;margin-bottom: 1em; padding: 5px; border-width: 0px; border-style: initial; border-color: initial; width: auto; max-height: 600px; font-family: Consolas, Menlo, Monaco, &amp;quot;Lucida Console&amp;quot;, &amp;quot;Liberation Mono&amp;quot;, &amp;quot;DejaVu Sans Mono&amp;quot;, &amp;quot;Bitstream Vera Sans Mono&amp;quot;, &amp;quot;Courier New&amp;quot;, monospace, sans-serif; background-color: rgb(239, 240, 241); color: rgb(57, 51, 24); word-wrap: normal;&quot;&gt;&lt;code style=&quot;margin: 0px; border: 0px; font-size: 13px; font-family: Consolas, Menlo, Monaco, &amp;quot;Lucida Console&amp;quot;, &amp;quot;Liberation Mono&amp;quot;, &amp;quot;DejaVu Sans Mono&amp;quot;, &amp;quot;Bitstream Vera Sans Mono&amp;quot;, &amp;quot;Courier New&amp;quot;, monospace, sans-serif; background-color: rgb(239, 240, 241); white-space: inherit;&quot;&gt;&lt;span class=&quot;kwd&quot; style=&quot;margin: 0px; padding: 0px; border: 0px; color: rgb(16, 16, 148);&quot;&gt;INSERT&lt;/span&gt;&lt;span class=&quot;pln&quot; style=&quot;margin: 0px; padding: 0px; border: 0px; color: rgb(48, 51, 54);&quot;&gt; &lt;/span&gt;&lt;span class=&quot;kwd&quot; style=&quot;margin: 0px; padding: 0px; border: 0px; color: rgb(16, 16, 148);&quot;&gt;INTO&lt;/span&gt;&lt;span class=&quot;pln&quot; style=&quot;margin: 0px; padding: 0px; border: 0px; color: rgb(48, 51, 54);&quot;&gt; MyTable &lt;/span&gt;&lt;span class=&quot;kwd&quot; style=&quot;margin: 0px; padding: 0px; border: 0px; color: rgb(16, 16, 148);&quot;&gt;VALUES&lt;/span&gt;&lt;span class=&quot;pln&quot; style=&quot;margin: 0px; padding: 0px; border: 0px; color: rgb(48, 51, 54);&quot;&gt; &lt;/span&gt;&lt;span class=&quot;pun&quot; style=&quot;margin: 0px; padding: 0px; border: 0px; color: rgb(48, 51, 54);&quot;&gt;(&lt;/span&gt;&lt;span class=&quot;str&quot; style=&quot;margin: 0px; padding: 0px; border: 0px; color: rgb(125, 39, 39);&quot;&gt;&quot;John&quot;&lt;/span&gt;&lt;span class=&quot;pun&quot; style=&quot;margin: 0px; padding: 0px; border: 0px; color: rgb(48, 51, 54);&quot;&gt;,&lt;/span&gt;&lt;span class=&quot;pln&quot; style=&quot;margin: 0px; padding: 0px; border: 0px; color: rgb(48, 51, 54);&quot;&gt; &lt;/span&gt;&lt;span class=&quot;lit&quot; style=&quot;margin: 0px; padding: 0px; border: 0px; color: rgb(125, 39, 39);&quot;&gt;123&lt;/span&gt;&lt;span class=&quot;pun&quot; style=&quot;margin: 0px; padding: 0px; border: 0px; color: rgb(48, 51, 54);&quot;&gt;,&lt;/span&gt;&lt;span class=&quot;pln&quot; style=&quot;margin: 0px; padding: 0px; border: 0px; color: rgb(48, 51, 54);&quot;&gt; &lt;/span&gt;&lt;span class=&quot;str&quot; style=&quot;margin: 0px; padding: 0px; border: 0px; color: rgb(125, 39, 39);&quot;&gt;&quot;Lloyds Office&quot;&lt;/span&gt;&lt;span class=&quot;pun&quot; style=&quot;margin: 0px; padding: 0px; border: 0px; color: rgb(48, 51, 54);&quot;&gt;);&lt;/span&gt;&lt;span class=&quot;pln&quot; style=&quot;margin: 0px; padding: 0px; border: 0px; color: rgb(48, 51, 54);&quot;&gt;\r\n&lt;/span&gt;&lt;span class=&quot;kwd&quot; style=&quot;margin: 0px; padding: 0px; border: 0px; color: rgb(16, 16, 148);&quot;&gt;INSERT&lt;/span&gt;&lt;span class=&quot;pln&quot; style=&quot;margin: 0px; padding: 0px; border: 0px; color: rgb(48, 51, 54);&quot;&gt; &lt;/span&gt;&lt;span class=&quot;kwd&quot; style=&quot;margin: 0px; padding: 0px; border: 0px; color: rgb(16, 16, 148);&quot;&gt;INTO&lt;/span&gt;&lt;span class=&quot;pln&quot; style=&quot;margin: 0px; padding: 0px; border: 0px; color: rgb(48, 51, 54);&quot;&gt; MyTable &lt;/span&gt;&lt;span class=&quot;kwd&quot; style=&quot;margin: 0px; padding: 0px; border: 0px; color: rgb(16, 16, 148);&quot;&gt;VALUES&lt;/span&gt;&lt;span class=&quot;pln&quot; style=&quot;margin: 0px; padding: 0px; border: 0px; color: rgb(48, 51, 54);&quot;&gt; &lt;/span&gt;&lt;span class=&quot;pun&quot; style=&quot;margin: 0px; padding: 0px; border: 0px; color: rgb(48, 51, 54);&quot;&gt;(&lt;/span&gt;&lt;span class=&quot;str&quot; style=&quot;margin: 0px; padding: 0px; border: 0px; color: rgb(125, 39, 39);&quot;&gt;&quot;Jane&quot;&lt;/span&gt;&lt;span class=&quot;pun&quot; style=&quot;margin: 0px; padding: 0px; border: 0px; color: rgb(48, 51, 54);&quot;&gt;,&lt;/span&gt;&lt;span class=&quot;pln&quot; style=&quot;margin: 0px; padding: 0px; border: 0px; color: rgb(48, 51, 54);&quot;&gt; &lt;/span&gt;&lt;span class=&quot;lit&quot; style=&quot;margin: 0px; padding: 0px; border: 0px; color: rgb(125, 39, 39);&quot;&gt;124&lt;/span&gt;&lt;span class=&quot;pun&quot; style=&quot;margin: 0px; padding: 0px; border: 0px; color: rgb(48, 51, 54);&quot;&gt;,&lt;/span&gt;&lt;span class=&quot;pln&quot; style=&quot;margin: 0px; padding: 0px; border: 0px; color: rgb(48, 51, 54);&quot;&gt; &lt;/span&gt;&lt;span class=&quot;str&quot; style=&quot;margin: 0px; padding: 0px; border: 0px; color: rgb(125, 39, 39);&quot;&gt;&quot;Lloyds Office&quot;&lt;/span&gt;&lt;span class=&quot;pun&quot; style=&quot;margin: 0px; padding: 0px; border: 0px; color: rgb(48, 51, 54);&quot;&gt;);&lt;/span&gt;&lt;span class=&quot;pln&quot; style=&quot;margin: 0px; padding: 0px; border: 0px; color: rgb(48, 51, 54);&quot;&gt;\r\n&lt;/span&gt;&lt;span class=&quot;kwd&quot; style=&quot;margin: 0px; padding: 0px; border: 0px; color: rgb(16, 16, 148);&quot;&gt;INSERT&lt;/span&gt;&lt;span class=&quot;pln&quot; style=&quot;margin: 0px; padding: 0px; border: 0px; color: rgb(48, 51, 54);&quot;&gt; &lt;/span&gt;&lt;span class=&quot;kwd&quot; style=&quot;margin: 0px; padding: 0px; border: 0px; color: rgb(16, 16, 148);&quot;&gt;INTO&lt;/span&gt;&lt;span class=&quot;pln&quot; style=&quot;margin: 0px; padding: 0px; border: 0px; color: rgb(48, 51, 54);&quot;&gt; MyTable &lt;/span&gt;&lt;span class=&quot;kwd&quot; style=&quot;margin: 0px; padding: 0px; border: 0px; color: rgb(16, 16, 148);&quot;&gt;VALUES&lt;/span&gt;&lt;span class=&quot;pln&quot; style=&quot;margin: 0px; padding: 0px; border: 0px; color: rgb(48, 51, 54);&quot;&gt; &lt;/span&gt;&lt;span class=&quot;pun&quot; style=&quot;margin: 0px; padding: 0px; border: 0px; color: rgb(48, 51, 54);&quot;&gt;(&lt;/span&gt;&lt;span class=&quot;str&quot; style=&quot;margin: 0px; padding: 0px; border: 0px; color: rgb(125, 39, 39);&quot;&gt;&quot;Billy&quot;&lt;/span&gt;&lt;span class=&quot;pun&quot; style=&quot;margin: 0px; padding: 0px; border: 0px; color: rgb(48, 51, 54);&quot;&gt;,&lt;/span&gt;&lt;span class=&quot;pln&quot; style=&quot;margin: 0px; padding: 0px; border: 0px; color: rgb(48, 51, 54);&quot;&gt; &lt;/span&gt;&lt;span class=&quot;lit&quot; style=&quot;margin: 0px; padding: 0px; border: 0px; color: rgb(125, 39, 39);&quot;&gt;125&lt;/span&gt;&lt;span class=&quot;pun&quot; style=&quot;margin: 0px; padding: 0px; border: 0px; color: rgb(48, 51, 54);&quot;&gt;,&lt;/span&gt;&lt;span class=&quot;pln&quot; style=&quot;margin: 0px; padding: 0px; border: 0px; color: rgb(48, 51, 54);&quot;&gt; &lt;/span&gt;&lt;span class=&quot;str&quot; style=&quot;margin: 0px; padding: 0px; border: 0px; color: rgb(125, 39, 39);&quot;&gt;&quot;London Office&quot;&lt;/span&gt;&lt;span class=&quot;pun&quot; style=&quot;margin: 0px; padding: 0px; border: 0px; color: rgb(48, 51, 54);&quot;&gt;);&lt;/span&gt;&lt;span class=&quot;pln&quot; style=&quot;margin: 0px; padding: 0px; border: 0px; color: rgb(48, 51, 54);&quot;&gt;\r\n&lt;/span&gt;&lt;span class=&quot;kwd&quot; style=&quot;margin: 0px; padding: 0px; border: 0px; color: rgb(16, 16, 148);&quot;&gt;INSERT&lt;/span&gt;&lt;span class=&quot;pln&quot; style=&quot;margin: 0px; padding: 0px; border: 0px; color: rgb(48, 51, 54);&quot;&gt; &lt;/span&gt;&lt;span class=&quot;kwd&quot; style=&quot;margin: 0px; padding: 0px; border: 0px; color: rgb(16, 16, 148);&quot;&gt;INTO&lt;/span&gt;&lt;span class=&quot;pln&quot; style=&quot;margin: 0px; padding: 0px; border: 0px; color: rgb(48, 51, 54);&quot;&gt; MyTable &lt;/span&gt;&lt;span class=&quot;kwd&quot; style=&quot;margin: 0px; padding: 0px; border: 0px; color: rgb(16, 16, 148);&quot;&gt;VALUES&lt;/span&gt;&lt;span class=&quot;pln&quot; style=&quot;margin: 0px; padding: 0px; border: 0px; color: rgb(48, 51, 54);&quot;&gt; &lt;/span&gt;&lt;span class=&quot;pun&quot; style=&quot;margin: 0px; padding: 0px; border: 0px; color: rgb(48, 51, 54);&quot;&gt;(&lt;/span&gt;&lt;span class=&quot;str&quot; style=&quot;margin: 0px; padding: 0px; border: 0px; color: rgb(125, 39, 39);&quot;&gt;&quot;Miranda&quot;&lt;/span&gt;&lt;span class=&quot;pun&quot; style=&quot;margin: 0px; padding: 0px; border: 0px; color: rgb(48, 51, 54);&quot;&gt;,&lt;/span&gt;&lt;span class=&quot;pln&quot; style=&quot;margin: 0px; padding: 0px; border: 0px; color: rgb(48, 51, 54);&quot;&gt; &lt;/span&gt;&lt;span class=&quot;lit&quot; style=&quot;margin: 0px; padding: 0px; border: 0px; color: rgb(125, 39, 39);&quot;&gt;126&lt;/span&gt;&lt;span class=&quot;pun&quot; style=&quot;margin: 0px; padding: 0px; border: 0px; color: rgb(48, 51, 54);&quot;&gt;,&lt;/span&gt;&lt;span class=&quot;pln&quot; style=&quot;margin: 0px; padding: 0px; border: 0px; color: rgb(48, 51, 54);&quot;&gt; &lt;/span&gt;&lt;span class=&quot;str&quot; style=&quot;margin: 0px; padding: 0px; border: 0px; color: rgb(125, 39, 39);&quot;&gt;&quot;Bristol Office&quot;&lt;/span&gt;&lt;span class=&quot;pun&quot; style=&quot;margin: 0px; padding: 0px; border: 0px; color: rgb(48, 51, 54);&quot;&gt;);&lt;/span&gt;&lt;/code&gt;&lt;/pre&gt;&lt;p style=&quot;margin-bottom: 1em; padding: 0px; border: 0px; font-size: 15px; clear: both; color: rgb(36, 39, 41); font-family: Arial, &amp;quot;Helvetica Neue&amp;quot;, Helvetica, sans-serif;&quot;&gt;Can I insert all 4 rows in a single SQL statement?&lt;/p&gt;', '', 'FALSE', 'TRUE', 'sql', '2016-06-23'),
(10, 60, 'Are self-closing tags valid in HTML5?', '&lt;p style=&quot;margin-bottom: 1em; padding: 0px; border: 0px; font-size: 15px; clear: both; color: rgb(36, 39, 41); font-family: Arial, &amp;quot;Helvetica Neue&amp;quot;, Helvetica, sans-serif;&quot;&gt;Some examples of accepted void elements would be:&lt;/p&gt;&lt;pre class=&quot;lang-html prettyprint prettyprinted&quot; style=&quot;margin-bottom: 1em; padding: 5px; border-width: 0px; border-style: initial; border-color: initial; width: auto; max-height: 600px; font-family: Consolas, Menlo, Monaco, &amp;quot;Lucida Console&amp;quot;, &amp;quot;Liberation Mono&amp;quot;, &amp;quot;DejaVu Sans Mono&amp;quot;, &amp;quot;Bitstream Vera Sans Mono&amp;quot;, &amp;quot;Courier New&amp;quot;, monospace, sans-serif; background-color: rgb(239, 240, 241); color: rgb(57, 51, 24); word-wrap: normal;&quot;&gt;&lt;code style=&quot;margin: 0px; border: 0px; font-size: 13px; font-family: Consolas, Menlo, Monaco, &amp;quot;Lucida Console&amp;quot;, &amp;quot;Liberation Mono&amp;quot;, &amp;quot;DejaVu Sans Mono&amp;quot;, &amp;quot;Bitstream Vera Sans Mono&amp;quot;, &amp;quot;Courier New&amp;quot;, monospace, sans-serif; background-color: rgb(239, 240, 241); white-space: inherit;&quot;&gt;&lt;span class=&quot;tag&quot; style=&quot;margin: 0px; padding: 0px; border: 0px; color: rgb(125, 39, 39);&quot;&gt;&amp;lt;br&lt;/span&gt;&lt;span class=&quot;pln&quot; style=&quot;margin: 0px; padding: 0px; border: 0px; color: rgb(48, 51, 54);&quot;&gt; &lt;/span&gt;&lt;span class=&quot;tag&quot; style=&quot;margin: 0px; padding: 0px; border: 0px; color: rgb(125, 39, 39);&quot;&gt;/&amp;gt;&lt;/span&gt;&lt;span class=&quot;pln&quot; style=&quot;margin: 0px; padding: 0px; border: 0px; color: rgb(48, 51, 54);&quot;&gt;\r\n&lt;/span&gt;&lt;span class=&quot;tag&quot; style=&quot;margin: 0px; padding: 0px; border: 0px; color: rgb(125, 39, 39);&quot;&gt;&amp;lt;img&lt;/span&gt;&lt;span class=&quot;pln&quot; style=&quot;margin: 0px; padding: 0px; border: 0px; color: rgb(48, 51, 54);&quot;&gt; &lt;/span&gt;&lt;span class=&quot;atn&quot; style=&quot;margin: 0px; padding: 0px; border: 0px; color: rgb(230, 67, 32);&quot;&gt;src&lt;/span&gt;&lt;span class=&quot;pun&quot; style=&quot;margin: 0px; padding: 0px; border: 0px; color: rgb(48, 51, 54);&quot;&gt;=&lt;/span&gt;&lt;span class=&quot;atv&quot; style=&quot;margin: 0px; padding: 0px; border: 0px; color: rgb(15, 116, 189);&quot;&gt;&quot;&quot;&lt;/span&gt;&lt;span class=&quot;pln&quot; style=&quot;margin: 0px; padding: 0px; border: 0px; color: rgb(48, 51, 54);&quot;&gt; &lt;/span&gt;&lt;span class=&quot;tag&quot; style=&quot;margin: 0px; padding: 0px; border: 0px; color: rgb(125, 39, 39);&quot;&gt;/&amp;gt;&lt;/span&gt;&lt;span class=&quot;pln&quot; style=&quot;margin: 0px; padding: 0px; border: 0px; color: rgb(48, 51, 54);&quot;&gt;\r\n&lt;/span&gt;&lt;span class=&quot;tag&quot; style=&quot;margin: 0px; padding: 0px; border: 0px; color: rgb(125, 39, 39);&quot;&gt;&amp;lt;input&lt;/span&gt;&lt;span class=&quot;pln&quot; style=&quot;margin: 0px; padding: 0px; border: 0px; color: rgb(48, 51, 54);&quot;&gt; &lt;/span&gt;&lt;span class=&quot;atn&quot; style=&quot;margin: 0px; padding: 0px; border: 0px; color: rgb(230, 67, 32);&quot;&gt;type&lt;/span&gt;&lt;span class=&quot;pun&quot; style=&quot;margin: 0px; padding: 0px; border: 0px; color: rgb(48, 51, 54);&quot;&gt;=&lt;/span&gt;&lt;span class=&quot;atv&quot; style=&quot;margin: 0px; padding: 0px; border: 0px; color: rgb(15, 116, 189);&quot;&gt;&quot;text&quot;&lt;/span&gt;&lt;span class=&quot;pln&quot; style=&quot;margin: 0px; padding: 0px; border: 0px; color: rgb(48, 51, 54);&quot;&gt; &lt;/span&gt;&lt;span class=&quot;atn&quot; style=&quot;margin: 0px; padding: 0px; border: 0px; color: rgb(230, 67, 32);&quot;&gt;name&lt;/span&gt;&lt;span class=&quot;pun&quot; style=&quot;margin: 0px; padding: 0px; border: 0px; color: rgb(48, 51, 54);&quot;&gt;=&lt;/span&gt;&lt;span class=&quot;atv&quot; style=&quot;margin: 0px; padding: 0px; border: 0px; color: rgb(15, 116, 189);&quot;&gt;&quot;username&quot;&lt;/span&gt;&lt;span class=&quot;pln&quot; style=&quot;margin: 0px; padding: 0px; border: 0px; color: rgb(48, 51, 54);&quot;&gt; &lt;/span&gt;&lt;span class=&quot;tag&quot; style=&quot;margin: 0px; padding: 0px; border: 0px; color: rgb(125, 39, 39);&quot;&gt;/&amp;gt;&lt;/span&gt;&lt;/code&gt;&lt;/pre&gt;&lt;p style=&quot;margin-bottom: 1em; padding: 0px; border: 0px; font-size: 15px; clear: both; color: rgb(36, 39, 41); font-family: Arial, &amp;quot;Helvetica Neue&amp;quot;, Helvetica, sans-serif;&quot;&gt;Some examples of rejected non-void elements would be:&lt;/p&gt;&lt;pre class=&quot;lang-html prettyprint prettyprinted&quot; style=&quot;margin-bottom: 1em; padding: 5px; border-width: 0px; border-style: initial; border-color: initial; width: auto; max-height: 600px; font-family: Consolas, Menlo, Monaco, &amp;quot;Lucida Console&amp;quot;, &amp;quot;Liberation Mono&amp;quot;, &amp;quot;DejaVu Sans Mono&amp;quot;, &amp;quot;Bitstream Vera Sans Mono&amp;quot;, &amp;quot;Courier New&amp;quot;, monospace, sans-serif; background-color: rgb(239, 240, 241); color: rgb(57, 51, 24); word-wrap: normal;&quot;&gt;&lt;code style=&quot;margin: 0px; border: 0px; font-size: 13px; font-family: Consolas, Menlo, Monaco, &amp;quot;Lucida Console&amp;quot;, &amp;quot;Liberation Mono&amp;quot;, &amp;quot;DejaVu Sans Mono&amp;quot;, &amp;quot;Bitstream Vera Sans Mono&amp;quot;, &amp;quot;Courier New&amp;quot;, monospace, sans-serif; background-color: rgb(239, 240, 241); white-space: inherit;&quot;&gt;&lt;span class=&quot;tag&quot; style=&quot;margin: 0px; padding: 0px; border: 0px; color: rgb(125, 39, 39);&quot;&gt;&amp;lt;div&lt;/span&gt;&lt;span class=&quot;pln&quot; style=&quot;margin: 0px; padding: 0px; border: 0px; color: rgb(48, 51, 54);&quot;&gt; &lt;/span&gt;&lt;span class=&quot;atn&quot; style=&quot;margin: 0px; padding: 0px; border: 0px; color: rgb(230, 67, 32);&quot;&gt;id&lt;/span&gt;&lt;span class=&quot;pun&quot; style=&quot;margin: 0px; padding: 0px; border: 0px; color: rgb(48, 51, 54);&quot;&gt;=&lt;/span&gt;&lt;span class=&quot;atv&quot; style=&quot;margin: 0px; padding: 0px; border: 0px; color: rgb(15, 116, 189);&quot;&gt;&quot;myDiv&quot;&lt;/span&gt;&lt;span class=&quot;pln&quot; style=&quot;margin: 0px; padding: 0px; border: 0px; color: rgb(48, 51, 54);&quot;&gt; &lt;/span&gt;&lt;span class=&quot;tag&quot; style=&quot;margin: 0px; padding: 0px; border: 0px; color: rgb(125, 39, 39);&quot;&gt;/&amp;gt;&lt;/span&gt;&lt;span class=&quot;pln&quot; style=&quot;margin: 0px; padding: 0px; border: 0px; color: rgb(48, 51, 54);&quot;&gt;\r\n&lt;/span&gt;&lt;span class=&quot;tag&quot; style=&quot;margin: 0px; padding: 0px; border: 0px; color: rgb(125, 39, 39);&quot;&gt;&amp;lt;span&lt;/span&gt;&lt;span class=&quot;pln&quot; style=&quot;margin: 0px; padding: 0px; border: 0px; color: rgb(48, 51, 54);&quot;&gt; &lt;/span&gt;&lt;span class=&quot;atn&quot; style=&quot;margin: 0px; padding: 0px; border: 0px; color: rgb(230, 67, 32);&quot;&gt;id&lt;/span&gt;&lt;span class=&quot;pun&quot; style=&quot;margin: 0px; padding: 0px; border: 0px; color: rgb(48, 51, 54);&quot;&gt;=&lt;/span&gt;&lt;span class=&quot;atv&quot; style=&quot;margin: 0px; padding: 0px; border: 0px; color: rgb(15, 116, 189);&quot;&gt;&quot;mySpan&quot;&lt;/span&gt;&lt;span class=&quot;pln&quot; style=&quot;margin: 0px; padding: 0px; border: 0px; color: rgb(48, 51, 54);&quot;&gt; &lt;/span&gt;&lt;span class=&quot;tag&quot; style=&quot;margin: 0px; padding: 0px; border: 0px; color: rgb(125, 39, 39);&quot;&gt;/&amp;gt;&lt;/span&gt;&lt;span class=&quot;pln&quot; style=&quot;margin: 0px; padding: 0px; border: 0px; color: rgb(48, 51, 54);&quot;&gt;\r\n&lt;/span&gt;&lt;span class=&quot;tag&quot; style=&quot;margin: 0px; padding: 0px; border: 0px; color: rgb(125, 39, 39);&quot;&gt;&amp;lt;textarea&lt;/span&gt;&lt;span class=&quot;pln&quot; style=&quot;margin: 0px; padding: 0px; border: 0px; color: rgb(48, 51, 54);&quot;&gt; &lt;/span&gt;&lt;span class=&quot;atn&quot; style=&quot;margin: 0px; padding: 0px; border: 0px; color: rgb(230, 67, 32);&quot;&gt;id&lt;/span&gt;&lt;span class=&quot;pun&quot; style=&quot;margin: 0px; padding: 0px; border: 0px; color: rgb(48, 51, 54);&quot;&gt;=&lt;/span&gt;&lt;span class=&quot;atv&quot; style=&quot;margin: 0px; padding: 0px; border: 0px; color: rgb(15, 116, 189);&quot;&gt;&quot;someTextMessage&quot;&lt;/span&gt;&lt;span class=&quot;pln&quot; style=&quot;margin: 0px; padding: 0px; border: 0px; color: rgb(48, 51, 54);&quot;&gt; &lt;/span&gt;&lt;span class=&quot;tag&quot; style=&quot;margin: 0px; padding: 0px; border: 0px; color: rgb(125, 39, 39);&quot;&gt;/&amp;gt;&lt;/span&gt;&lt;/code&gt;&lt;/pre&gt;', '', 'FALSE', 'TRUE', 'html', '2016-03-28'),
(14, 62, 'How to redirect to another page in jQuery?', '&lt;p&gt;&lt;span style=&quot;color: rgb(36, 39, 41); font-family: Arial, &amp;quot;Helvetica Neue&amp;quot;, Helvetica, sans-serif; font-size: 15px;&quot;&gt;How can I redirect the user from one page to another using jQuery?&lt;/span&gt;&lt;/p&gt;', '', 'FALSE', 'TRUE', 'jquery', '2016-07-11'),
(8, 65, 'Bootstrap - Text-align - Class', '&lt;p style=&quot;margin-bottom: 1em; padding: 0px; border: 0px; font-size: 15px; clear: both; color: rgb(36, 39, 41); font-family: Arial, &amp;quot;Helvetica Neue&amp;quot;, Helvetica, sans-serif;&quot;&gt;s there a set of classes in Twitters Bootstrap Framework that aligns text?&lt;/p&gt;&lt;p style=&quot;margin-bottom: 1em; padding: 0px; border: 0px; font-size: 15px; clear: both; color: rgb(36, 39, 41); font-family: Arial, &amp;quot;Helvetica Neue&amp;quot;, Helvetica, sans-serif;&quot;&gt;&lt;strong style=&quot;margin: 0px; padding: 0px; border: 0px;&quot;&gt;E.g. I have some tables with&amp;nbsp;&lt;code style=&quot;margin: 0px; padding: 1px 5px; border: 0px; font-size: 13px; font-family: Consolas, Menlo, Monaco, &amp;quot;Lucida Console&amp;quot;, &amp;quot;Liberation Mono&amp;quot;, &amp;quot;DejaVu Sans Mono&amp;quot;, &amp;quot;Bitstream Vera Sans Mono&amp;quot;, &amp;quot;Courier New&amp;quot;, monospace, sans-serif; background-color: rgb(239, 240, 241); white-space: pre-wrap;&quot;&gt;$&lt;/code&gt;&amp;nbsp;totals that I want aligned to the right...&lt;/strong&gt;&lt;/p&gt;&lt;pre class=&quot;default prettyprint prettyprinted&quot; style=&quot;margin-bottom: 1em; padding: 5px; border-width: 0px; border-style: initial; border-color: initial; width: auto; max-height: 600px; font-family: Consolas, Menlo, Monaco, &amp;quot;Lucida Console&amp;quot;, &amp;quot;Liberation Mono&amp;quot;, &amp;quot;DejaVu Sans Mono&amp;quot;, &amp;quot;Bitstream Vera Sans Mono&amp;quot;, &amp;quot;Courier New&amp;quot;, monospace, sans-serif; background-color: rgb(239, 240, 241); color: rgb(57, 51, 24); word-wrap: normal;&quot;&gt;&lt;code style=&quot;margin: 0px; border: 0px; font-size: 13px; font-family: Consolas, Menlo, Monaco, &amp;quot;Lucida Console&amp;quot;, &amp;quot;Liberation Mono&amp;quot;, &amp;quot;DejaVu Sans Mono&amp;quot;, &amp;quot;Bitstream Vera Sans Mono&amp;quot;, &amp;quot;Courier New&amp;quot;, monospace, sans-serif; background-color: rgb(239, 240, 241); white-space: inherit;&quot;&gt;&lt;span class=&quot;tag&quot; style=&quot;margin: 0px; padding: 0px; border: 0px; color: rgb(125, 39, 39);&quot;&gt;&amp;lt;th&lt;/span&gt;&lt;span class=&quot;pln&quot; style=&quot;margin: 0px; padding: 0px; border: 0px; color: rgb(48, 51, 54);&quot;&gt; &lt;/span&gt;&lt;span class=&quot;atn&quot; style=&quot;margin: 0px; padding: 0px; border: 0px; color: rgb(230, 67, 32);&quot;&gt;class&lt;/span&gt;&lt;span class=&quot;pun&quot; style=&quot;margin: 0px; padding: 0px; border: 0px; color: rgb(48, 51, 54);&quot;&gt;=&lt;/span&gt;&lt;span class=&quot;atv&quot; style=&quot;margin: 0px; padding: 0px; border: 0px; color: rgb(15, 116, 189);&quot;&gt;&quot;align-right&quot;&lt;/span&gt;&lt;span class=&quot;tag&quot; style=&quot;margin: 0px; padding: 0px; border: 0px; color: rgb(125, 39, 39);&quot;&gt;&amp;gt;&lt;/span&gt;&lt;span class=&quot;pln&quot; style=&quot;margin: 0px; padding: 0px; border: 0px; color: rgb(48, 51, 54);&quot;&gt;Total&lt;/span&gt;&lt;span class=&quot;tag&quot; style=&quot;margin: 0px; padding: 0px; border: 0px; color: rgb(125, 39, 39);&quot;&gt;&amp;lt;/th&amp;gt;&lt;/span&gt;&lt;/code&gt;&lt;/pre&gt;&lt;p style=&quot;margin-bottom: 1em; padding: 0px; border: 0px; font-size: 15px; clear: both; color: rgb(36, 39, 41); font-family: Arial, &amp;quot;Helvetica Neue&amp;quot;, Helvetica, sans-serif;&quot;&gt;&lt;strong style=&quot;margin: 0px; padding: 0px; border: 0px;&quot;&gt;AND&lt;/strong&gt;&lt;/p&gt;&lt;pre class=&quot;default prettyprint prettyprinted&quot; style=&quot;margin-bottom: 1em; padding: 5px; border-width: 0px; border-style: initial; border-color: initial; width: auto; max-height: 600px; font-family: Consolas, Menlo, Monaco, &amp;quot;Lucida Console&amp;quot;, &amp;quot;Liberation Mono&amp;quot;, &amp;quot;DejaVu Sans Mono&amp;quot;, &amp;quot;Bitstream Vera Sans Mono&amp;quot;, &amp;quot;Courier New&amp;quot;, monospace, sans-serif; background-color: rgb(239, 240, 241); color: rgb(57, 51, 24); word-wrap: normal;&quot;&gt;&lt;code style=&quot;margin: 0px; border: 0px; font-size: 13px; font-family: Consolas, Menlo, Monaco, &amp;quot;Lucida Console&amp;quot;, &amp;quot;Liberation Mono&amp;quot;, &amp;quot;DejaVu Sans Mono&amp;quot;, &amp;quot;Bitstream Vera Sans Mono&amp;quot;, &amp;quot;Courier New&amp;quot;, monospace, sans-serif; background-color: rgb(239, 240, 241); white-space: inherit;&quot;&gt;&lt;span class=&quot;tag&quot; style=&quot;margin: 0px; padding: 0px; border: 0px; color: rgb(125, 39, 39);&quot;&gt;&amp;lt;td&lt;/span&gt;&lt;span class=&quot;pln&quot; style=&quot;margin: 0px; padding: 0px; border: 0px; color: rgb(48, 51, 54);&quot;&gt; &lt;/span&gt;&lt;span class=&quot;atn&quot; style=&quot;margin: 0px; padding: 0px; border: 0px; color: rgb(230, 67, 32);&quot;&gt;class&lt;/span&gt;&lt;span class=&quot;pun&quot; style=&quot;margin: 0px; padding: 0px; border: 0px; color: rgb(48, 51, 54);&quot;&gt;=&lt;/span&gt;&lt;span class=&quot;atv&quot; style=&quot;margin: 0px; padding: 0px; border: 0px; color: rgb(15, 116, 189);&quot;&gt;&quot;align-right&quot;&lt;/span&gt;&lt;span class=&quot;tag&quot; style=&quot;margin: 0px; padding: 0px; border: 0px; color: rgb(125, 39, 39);&quot;&gt;&amp;gt;&lt;/span&gt;&lt;span class=&quot;pln&quot; style=&quot;margin: 0px; padding: 0px; border: 0px; color: rgb(48, 51, 54);&quot;&gt;$1,000,000.00&lt;/span&gt;&lt;span class=&quot;tag&quot; style=&quot;margin: 0px; padding: 0px; border: 0px; color: rgb(125, 39, 39);&quot;&gt;&amp;lt;/td&amp;gt;&lt;/span&gt;&lt;/code&gt;&lt;/pre&gt;', '', 'FALSE', 'FALSE', 'bootstrap', '2016-08-10'),
(8, 66, 'How can I prevent SQL injection in PHP?', '&lt;p style=&quot;margin-bottom: 1em; padding: 0px; border: 0px; font-size: 15px; clear: both; color: rgb(36, 39, 41); font-family: Arial, &amp;quot;Helvetica Neue&amp;quot;, Helvetica, sans-serif;&quot;&gt;if user input is inserted without modification into an SQL query, then the application becomes vulnerable to&amp;nbsp;&lt;a href=&quot;https://stackoverflow.com/a/332367/&quot; style=&quot;margin: 0px; padding: 0px; border: 0px; color: rgb(0, 89, 153); cursor: pointer;&quot;&gt;SQL injection&lt;/a&gt;&lt;/p&gt;', '', 'TRUE', 'TRUE', 'sql', '2016-04-15'),
(21, 67, 'How to use PHP string in mySQL LIKE query?', 'I am trying to find the number of rows that match a specific pattern. In this example, all that START with "123":\r\n\r\nThis is working:\r\n\r\n$query = mysql_query("SELECT * FROM table WHERE the_number LIKE ''123%''");\r\n$count = mysql_num_rows($query);\r\nThe problem is the LIKE will vary, so I''m trying to define it in the script, then execute the query, but this is NOT working:\r\n\r\n$prefix = "123";\r\n$query = mysql_query("SELECT * FROM table WHERE the_number LIKE $prefix.''%''");\r\n$count = mysql_num_rows($query);\r\nHow can I get this query to work properly in the second example?\r\n\r\nEDIT: I''ve also tried it without the period (also not working):\r\n\r\n$query = mysql_query("SELECT * FROM table WHERE the_number LIKE $prefix''%''");', '', 'TRUE', 'TRUE', 'php sql', '2016-11-20'),
(1, 68, 'How to remove a key from a python dictionary?', '&lt;pre class=&quot;default prettyprint prettyprinted&quot; style=&quot;margin-bottom: 1em; padding: 5px; border-width: 0px; border-style: initial; border-color: initial; width: auto; max-height: 600px; font-family: Consolas, Menlo, Monaco, &amp;quot;Lucida Console&amp;quot;, &amp;quot;Liberation Mono&amp;quot;, &amp;quot;DejaVu Sans Mono&amp;quot;, &amp;quot;Bitstream Vera Sans Mono&amp;quot;, &amp;quot;Courier New&amp;quot;, monospace, sans-serif; background-color: rgb(239, 240, 241); color: rgb(57, 51, 24); word-wrap: normal;&quot;&gt;&lt;code style=&quot;margin: 0px; border: 0px; font-size: 13px; font-family: Consolas, Menlo, Monaco, &amp;quot;Lucida Console&amp;quot;, &amp;quot;Liberation Mono&amp;quot;, &amp;quot;DejaVu Sans Mono&amp;quot;, &amp;quot;Bitstream Vera Sans Mono&amp;quot;, &amp;quot;Courier New&amp;quot;, monospace, sans-serif; background-color: rgb(239, 240, 241); white-space: inherit;&quot;&gt;&lt;span class=&quot;pln&quot; style=&quot;margin: 0px; padding: 0px; border: 0px; color: rgb(48, 51, 54);&quot;&gt;$&lt;/span&gt;&lt;span class=&quot;pun&quot; style=&quot;margin: 0px; padding: 0px; border: 0px; color: rgb(48, 51, 54);&quot;&gt;.&lt;/span&gt;&lt;span class=&quot;pln&quot; style=&quot;margin: 0px; padding: 0px; border: 0px; color: rgb(48, 51, 54);&quot;&gt;ajax&lt;/span&gt;&lt;span class=&quot;pun&quot; style=&quot;margin: 0px; padding: 0px; border: 0px; color: rgb(48, 51, 54);&quot;&gt;({&lt;/span&gt;&lt;span class=&quot;pln&quot; style=&quot;margin: 0px; padding: 0px; border: 0px; color: rgb(48, 51, 54);&quot;&gt;\r\n        type&lt;/span&gt;&lt;span class=&quot;pun&quot; style=&quot;margin: 0px; padding: 0px; border: 0px; color: rgb(48, 51, 54);&quot;&gt;:&lt;/span&gt;&lt;span class=&quot;pln&quot; style=&quot;margin: 0px; padding: 0px; border: 0px; color: rgb(48, 51, 54);&quot;&gt; &lt;/span&gt;&lt;span class=&quot;str&quot; style=&quot;margin: 0px; padding: 0px; border: 0px; color: rgb(125, 39, 39);&quot;&gt;&quot;POST&quot;&lt;/span&gt;&lt;span class=&quot;pun&quot; style=&quot;margin: 0px; padding: 0px; border: 0px; color: rgb(48, 51, 54);&quot;&gt;,&lt;/span&gt;&lt;span class=&quot;pln&quot; style=&quot;margin: 0px; padding: 0px; border: 0px; color: rgb(48, 51, 54);&quot;&gt;\r\n        url&lt;/span&gt;&lt;span class=&quot;pun&quot; style=&quot;margin: 0px; padding: 0px; border: 0px; color: rgb(48, 51, 54);&quot;&gt;:&lt;/span&gt;&lt;span class=&quot;pln&quot; style=&quot;margin: 0px; padding: 0px; border: 0px; color: rgb(48, 51, 54);&quot;&gt; hb_base_url &lt;/span&gt;&lt;span class=&quot;pun&quot; style=&quot;margin: 0px; padding: 0px; border: 0px; color: rgb(48, 51, 54);&quot;&gt;+&lt;/span&gt;&lt;span class=&quot;pln&quot; style=&quot;margin: 0px; padding: 0px; border: 0px; color: rgb(48, 51, 54);&quot;&gt; &lt;/span&gt;&lt;span class=&quot;str&quot; style=&quot;margin: 0px; padding: 0px; border: 0px; color: rgb(125, 39, 39);&quot;&gt;&quot;consumer&quot;&lt;/span&gt;&lt;span class=&quot;pun&quot; style=&quot;margin: 0px; padding: 0px; border: 0px; color: rgb(48, 51, 54);&quot;&gt;,&lt;/span&gt;&lt;span class=&quot;pln&quot; style=&quot;margin: 0px; padding: 0px; border: 0px; color: rgb(48, 51, 54);&quot;&gt;\r\n        contentType&lt;/span&gt;&lt;span class=&quot;pun&quot; style=&quot;margin: 0px; padding: 0px; border: 0px; color: rgb(48, 51, 54);&quot;&gt;:&lt;/span&gt;&lt;span class=&quot;pln&quot; style=&quot;margin: 0px; padding: 0px; border: 0px; color: rgb(48, 51, 54);&quot;&gt; &lt;/span&gt;&lt;span class=&quot;str&quot; style=&quot;margin: 0px; padding: 0px; border: 0px; color: rgb(125, 39, 39);&quot;&gt;&quot;application/json&quot;&lt;/span&gt;&lt;span class=&quot;pun&quot; style=&quot;margin: 0px; padding: 0px; border: 0px; color: rgb(48, 51, 54);&quot;&gt;,&lt;/span&gt;&lt;span class=&quot;pln&quot; style=&quot;margin: 0px; padding: 0px; border: 0px; color: rgb(48, 51, 54);&quot;&gt;\r\n        dataType&lt;/span&gt;&lt;span class=&quot;pun&quot; style=&quot;margin: 0px; padding: 0px; border: 0px; color: rgb(48, 51, 54);&quot;&gt;:&lt;/span&gt;&lt;span class=&quot;pln&quot; style=&quot;margin: 0px; padding: 0px; border: 0px; color: rgb(48, 51, 54);&quot;&gt; &lt;/span&gt;&lt;span class=&quot;str&quot; style=&quot;margin: 0px; padding: 0px; border: 0px; color: rgb(125, 39, 39);&quot;&gt;&quot;json&quot;&lt;/span&gt;&lt;span class=&quot;pun&quot; style=&quot;margin: 0px; padding: 0px; border: 0px; color: rgb(48, 51, 54);&quot;&gt;,&lt;/span&gt;&lt;span class=&quot;pln&quot; style=&quot;margin: 0px; padding: 0px; border: 0px; color: rgb(48, 51, 54);&quot;&gt;\r\n        data&lt;/span&gt;&lt;span class=&quot;pun&quot; style=&quot;margin: 0px; padding: 0px; border: 0px; color: rgb(48, 51, 54);&quot;&gt;:&lt;/span&gt;&lt;span class=&quot;pln&quot; style=&quot;margin: 0px; padding: 0px; border: 0px; color: rgb(48, 51, 54);&quot;&gt; &lt;/span&gt;&lt;span class=&quot;pun&quot; style=&quot;margin: 0px; padding: 0px; border: 0px; color: rgb(48, 51, 54);&quot;&gt;{&lt;/span&gt;&lt;span class=&quot;pln&quot; style=&quot;margin: 0px; padding: 0px; border: 0px; color: rgb(48, 51, 54);&quot;&gt;\r\n            first_name&lt;/span&gt;&lt;span class=&quot;pun&quot; style=&quot;margin: 0px; padding: 0px; border: 0px; color: rgb(48, 51, 54);&quot;&gt;:&lt;/span&gt;&lt;span class=&quot;pln&quot; style=&quot;margin: 0px; padding: 0px; border: 0px; color: rgb(48, 51, 54);&quot;&gt; $&lt;/span&gt;&lt;span class=&quot;pun&quot; style=&quot;margin: 0px; padding: 0px; border: 0px; color: rgb(48, 51, 54);&quot;&gt;(&lt;/span&gt;&lt;span class=&quot;str&quot; style=&quot;margin: 0px; padding: 0px; border: 0px; color: rgb(125, 39, 39);&quot;&gt;&quot;#namec&quot;&lt;/span&gt;&lt;span class=&quot;pun&quot; style=&quot;margin: 0px; padding: 0px; border: 0px; color: rgb(48, 51, 54);&quot;&gt;).&lt;/span&gt;&lt;span class=&quot;pln&quot; style=&quot;margin: 0px; padding: 0px; border: 0px; color: rgb(48, 51, 54);&quot;&gt;val&lt;/span&gt;&lt;span class=&quot;pun&quot; style=&quot;margin: 0px; padding: 0px; border: 0px; color: rgb(48, 51, 54);&quot;&gt;(),&lt;/span&gt;&lt;span class=&quot;pln&quot; style=&quot;margin: 0px; padding: 0px; border: 0px; color: rgb(48, 51, 54);&quot;&gt;\r\n            last_name&lt;/span&gt;&lt;span class=&quot;pun&quot; style=&quot;margin: 0px; padding: 0px; border: 0px; color: rgb(48, 51, 54);&quot;&gt;:&lt;/span&gt;&lt;span class=&quot;pln&quot; style=&quot;margin: 0px; padding: 0px; border: 0px; color: rgb(48, 51, 54);&quot;&gt; $&lt;/span&gt;&lt;span class=&quot;pun&quot; style=&quot;margin: 0px; padding: 0px; border: 0px; color: rgb(48, 51, 54);&quot;&gt;(&lt;/span&gt;&lt;span class=&quot;str&quot; style=&quot;margin: 0px; padding: 0px; border: 0px; color: rgb(125, 39, 39);&quot;&gt;&quot;#surnamec&quot;&lt;/span&gt;&lt;span class=&quot;pun&quot; style=&quot;margin: 0px; padding: 0px; border: 0px; color: rgb(48, 51, 54);&quot;&gt;).&lt;/span&gt;&lt;span class=&quot;pln&quot; style=&quot;margin: 0px; padding: 0px; border: 0px; color: rgb(48, 51, 54);&quot;&gt;val&lt;/span&gt;&lt;span class=&quot;pun&quot; style=&quot;margin: 0px; padding: 0px; border: 0px; color: rgb(48, 51, 54);&quot;&gt;(),&lt;/span&gt;&lt;span class=&quot;pln&quot; style=&quot;margin: 0px; padding: 0px; border: 0px; color: rgb(48, 51, 54);&quot;&gt;\r\n            email&lt;/span&gt;&lt;span class=&quot;pun&quot; style=&quot;margin: 0px; padding: 0px; border: 0px; color: rgb(48, 51, 54);&quot;&gt;:&lt;/span&gt;&lt;span class=&quot;pln&quot; style=&quot;margin: 0px; padding: 0px; border: 0px; color: rgb(48, 51, 54);&quot;&gt; $&lt;/span&gt;&lt;span class=&quot;pun&quot; style=&quot;margin: 0px; padding: 0px; border: 0px; color: rgb(48, 51, 54);&quot;&gt;(&lt;/span&gt;&lt;span class=&quot;str&quot; style=&quot;margin: 0px; padding: 0px; border: 0px; color: rgb(125, 39, 39);&quot;&gt;&quot;#emailc&quot;&lt;/span&gt;&lt;span class=&quot;pun&quot; style=&quot;margin: 0px; padding: 0px; border: 0px; color: rgb(48, 51, 54);&quot;&gt;).&lt;/span&gt;&lt;span class=&quot;pln&quot; style=&quot;margin: 0px; padding: 0px; border: 0px; color: rgb(48, 51, 54);&quot;&gt;val&lt;/span&gt;&lt;span class=&quot;pun&quot; style=&quot;margin: 0px; padding: 0px; border: 0px; color: rgb(48, 51, 54);&quot;&gt;(),&lt;/span&gt;&lt;span class=&quot;pln&quot; style=&quot;margin: 0px; padding: 0px; border: 0px; color: rgb(48, 51, 54);&quot;&gt;\r\n            mobile&lt;/span&gt;&lt;span class=&quot;pun&quot; style=&quot;margin: 0px; padding: 0px; border: 0px; color: rgb(48, 51, 54);&quot;&gt;:&lt;/span&gt;&lt;span class=&quot;pln&quot; style=&quot;margin: 0px; padding: 0px; border: 0px; color: rgb(48, 51, 54);&quot;&gt; $&lt;/span&gt;&lt;span class=&quot;pun&quot; style=&quot;margin: 0px; padding: 0px; border: 0px; color: rgb(48, 51, 54);&quot;&gt;(&lt;/span&gt;&lt;span class=&quot;str&quot; style=&quot;margin: 0px; padding: 0px; border: 0px; color: rgb(125, 39, 39);&quot;&gt;&quot;#numberc&quot;&lt;/span&gt;&lt;span class=&quot;pun&quot; style=&quot;margin: 0px; padding: 0px; border: 0px; color: rgb(48, 51, 54);&quot;&gt;).&lt;/span&gt;&lt;span class=&quot;pln&quot; style=&quot;margin: 0px; padding: 0px; border: 0px; color: rgb(48, 51, 54);&quot;&gt;val&lt;/span&gt;&lt;span class=&quot;pun&quot; style=&quot;margin: 0px; padding: 0px; border: 0px; color: rgb(48, 51, 54);&quot;&gt;(),&lt;/span&gt;&lt;span class=&quot;pln&quot; style=&quot;margin: 0px; padding: 0px; border: 0px; color: rgb(48, 51, 54);&quot;&gt;\r\n            password&lt;/span&gt;&lt;span class=&quot;pun&quot; style=&quot;margin: 0px; padding: 0px; border: 0px; color: rgb(48, 51, 54);&quot;&gt;:&lt;/span&gt;&lt;span class=&quot;pln&quot; style=&quot;margin: 0px; padding: 0px; border: 0px; color: rgb(48, 51, 54);&quot;&gt; $&lt;/span&gt;&lt;span class=&quot;pun&quot; style=&quot;margin: 0px; padding: 0px; border: 0px; color: rgb(48, 51, 54);&quot;&gt;(&lt;/span&gt;&lt;span class=&quot;str&quot; style=&quot;margin: 0px; padding: 0px; border: 0px; color: rgb(125, 39, 39);&quot;&gt;&quot;#passwordc&quot;&lt;/span&gt;&lt;span class=&quot;pun&quot; style=&quot;margin: 0px; padding: 0px; border: 0px; color: rgb(48, 51, 54);&quot;&gt;).&lt;/span&gt;&lt;span class=&quot;pln&quot; style=&quot;margin: 0px; padding: 0px; border: 0px; color: rgb(48, 51, 54);&quot;&gt;val&lt;/span&gt;&lt;span class=&quot;pun&quot; style=&quot;margin: 0px; padding: 0px; border: 0px; color: rgb(48, 51, 54);&quot;&gt;()&lt;/span&gt;&lt;span class=&quot;pln&quot; style=&quot;margin: 0px; padding: 0px; border: 0px; color: rgb(48, 51, 54);&quot;&gt;\r\n        &lt;/span&gt;&lt;span class=&quot;pun&quot; style=&quot;margin: 0px; padding: 0px; border: 0px; color: rgb(48, 51, 54);&quot;&gt;},&lt;/span&gt;&lt;span class=&quot;pln&quot; style=&quot;margin: 0px; padding: 0px; border: 0px; color: rgb(48, 51, 54);&quot;&gt;\r\n        success&lt;/span&gt;&lt;span class=&quot;pun&quot; style=&quot;margin: 0px; padding: 0px; border: 0px; color: rgb(48, 51, 54);&quot;&gt;:&lt;/span&gt;&lt;span class=&quot;pln&quot; style=&quot;margin: 0px; padding: 0px; border: 0px; color: rgb(48, 51, 54);&quot;&gt; &lt;/span&gt;&lt;span class=&quot;kwd&quot; style=&quot;margin: 0px; padding: 0px; border: 0px; color: rgb(16, 16, 148);&quot;&gt;function&lt;/span&gt;&lt;span class=&quot;pun&quot; style=&quot;margin: 0px; padding: 0px; border: 0px; color: rgb(48, 51, 54);&quot;&gt;(&lt;/span&gt;&lt;span class=&quot;pln&quot; style=&quot;margin: 0px; padding: 0px; border: 0px; color: rgb(48, 51, 54);&quot;&gt;response&lt;/span&gt;&lt;span class=&quot;pun&quot; style=&quot;margin: 0px; padding: 0px; border: 0px; color: rgb(48, 51, 54);&quot;&gt;)&lt;/span&gt;&lt;span class=&quot;pln&quot; style=&quot;margin: 0px; padding: 0px; border: 0px; color: rgb(48, 51, 54);&quot;&gt; &lt;/span&gt;&lt;span class=&quot;pun&quot; style=&quot;margin: 0px; padding: 0px; border: 0px; color: rgb(48, 51, 54);&quot;&gt;{&lt;/span&gt;&lt;span class=&quot;pln&quot; style=&quot;margin: 0px; padding: 0px; border: 0px; color: rgb(48, 51, 54);&quot;&gt;\r\n            console&lt;/span&gt;&lt;span class=&quot;pun&quot; style=&quot;margin: 0px; padding: 0px; border: 0px; color: rgb(48, 51, 54);&quot;&gt;.&lt;/span&gt;&lt;span class=&quot;pln&quot; style=&quot;margin: 0px; padding: 0px; border: 0px; color: rgb(48, 51, 54);&quot;&gt;log&lt;/span&gt;&lt;span class=&quot;pun&quot; style=&quot;margin: 0px; padding: 0px; border: 0px; color: rgb(48, 51, 54);&quot;&gt;(&lt;/span&gt;&lt;span class=&quot;pln&quot; style=&quot;margin: 0px; padding: 0px; border: 0px; color: rgb(48, 51, 54);&quot;&gt;response&lt;/span&gt;&lt;span class=&quot;pun&quot; style=&quot;margin: 0px; padding: 0px; border: 0px; color: rgb(48, 51, 54);&quot;&gt;);&lt;/span&gt;&lt;span class=&quot;pln&quot; style=&quot;margin: 0px; padding: 0px; border: 0px; color: rgb(48, 51, 54);&quot;&gt;\r\n        &lt;/span&gt;&lt;span class=&quot;pun&quot; style=&quot;margin: 0px; padding: 0px; border: 0px; color: rgb(48, 51, 54);&quot;&gt;},&lt;/span&gt;&lt;span class=&quot;pln&quot; style=&quot;margin: 0px; padding: 0px; border: 0px; color: rgb(48, 51, 54);&quot;&gt;\r\n        error&lt;/span&gt;&lt;span class=&quot;pun&quot; style=&quot;margin: 0px; padding: 0px; border: 0px; color: rgb(48, 51, 54);&quot;&gt;:&lt;/span&gt;&lt;span class=&quot;pln&quot; style=&quot;margin: 0px; padding: 0px; border: 0px; color: rgb(48, 51, 54);&quot;&gt; &lt;/span&gt;&lt;span class=&quot;kwd&quot; style=&quot;margin: 0px; padding: 0px; border: 0px; color: rgb(16, 16, 148);&quot;&gt;function&lt;/span&gt;&lt;span class=&quot;pun&quot; style=&quot;margin: 0px; padding: 0px; border: 0px; color: rgb(48, 51, 54);&quot;&gt;(&lt;/span&gt;&lt;span class=&quot;pln&quot; style=&quot;margin: 0px; padding: 0px; border: 0px; color: rgb(48, 51, 54);&quot;&gt;response&lt;/span&gt;&lt;span class=&quot;pun&quot; style=&quot;margin: 0px; padding: 0px; border: 0px; color: rgb(48, 51, 54);&quot;&gt;)&lt;/span&gt;&lt;span class=&quot;pln&quot; style=&quot;margin: 0px; padding: 0px; border: 0px; color: rgb(48, 51, 54);&quot;&gt; &lt;/span&gt;&lt;span class=&quot;pun&quot; style=&quot;margin: 0px; padding: 0px; border: 0px; color: rgb(48, 51, 54);&quot;&gt;{&lt;/span&gt;&lt;span class=&quot;pln&quot; style=&quot;margin: 0px; padding: 0px; border: 0px; color: rgb(48, 51, 54);&quot;&gt;\r\n            console&lt;/span&gt;&lt;span class=&quot;pun&quot; style=&quot;margin: 0px; padding: 0px; border: 0px; color: rgb(48, 51, 54);&quot;&gt;.&lt;/span&gt;&lt;span class=&quot;pln&quot; style=&quot;margin: 0px; padding: 0px; border: 0px; color: rgb(48, 51, 54);&quot;&gt;log&lt;/span&gt;&lt;span class=&quot;pun&quot; style=&quot;margin: 0px; padding: 0px; border: 0px; color: rgb(48, 51, 54);&quot;&gt;(&lt;/span&gt;&lt;span class=&quot;pln&quot; style=&quot;margin: 0px; padding: 0px; border: 0px; color: rgb(48, 51, 54);&quot;&gt;response&lt;/span&gt;&lt;span class=&quot;pun&quot; style=&quot;margin: 0px; padding: 0px; border: 0px; color: rgb(48, 51, 54);&quot;&gt;);&lt;/span&gt;&lt;span class=&quot;pln&quot; style=&quot;margin: 0px; padding: 0px; border: 0px; color: rgb(48, 51, 54);&quot;&gt;\r\n        &lt;/span&gt;&lt;span class=&quot;pun&quot; style=&quot;margin: 0px; padding: 0px; border: 0px; color: rgb(48, 51, 54);&quot;&gt;}&lt;/span&gt;&lt;span class=&quot;pln&quot; style=&quot;margin: 0px; padding: 0px; border: 0px; color: rgb(48, 51, 54);&quot;&gt;\r\n    &lt;/span&gt;&lt;span class=&quot;pun&quot; style=&quot;margin: 0px; padding: 0px; border: 0px; color: rgb(48, 51, 54);&quot;&gt;});&lt;/span&gt;&lt;/code&gt;&lt;/pre&gt;', '', 'FALSE', '', 'python', '2016-05-30');
INSERT INTO `question` (`uid`, `qid`, `title`, `content`, `value`, `state`, `delstate`, `tags`, `date`) VALUES
(1, 69, 'How to change text and color of a button when it is clicked using Javascript/HTML only', '&lt;p style=&quot;margin-bottom: 1em; padding: 0px; border: 0px; font-size: 15px; clear: both; color: rgb(36, 39, 41); font-family: Arial, &amp;quot;Helvetica Neue&amp;quot;, Helvetica, sans-serif;&quot;&gt;I need to be able to change the a button color and text to something other than the default.&lt;/p&gt;&lt;p style=&quot;margin-bottom: 1em; padding: 0px; border: 0px; font-size: 15px; clear: both; color: rgb(36, 39, 41); font-family: Arial, &amp;quot;Helvetica Neue&amp;quot;, Helvetica, sans-serif;&quot;&gt;&lt;code style=&quot;margin: 0px; padding: 1px 5px; border: 0px; font-size: 13px; font-family: Consolas, Menlo, Monaco, &amp;quot;Lucida Console&amp;quot;, &amp;quot;Liberation Mono&amp;quot;, &amp;quot;DejaVu Sans Mono&amp;quot;, &amp;quot;Bitstream Vera Sans Mono&amp;quot;, &amp;quot;Courier New&amp;quot;, monospace, sans-serif; background-color: rgb(239, 240, 241); white-space: pre-wrap;&quot;&gt;&amp;lt;button id=&quot;partyTimeButton&quot;&amp;gt;Party Time!&amp;lt;/button&amp;gt;&lt;/code&gt;&lt;/p&gt;&lt;pre class=&quot;default prettyprint prettyprinted&quot; style=&quot;margin-bottom: 1em; padding: 5px; border-width: 0px; border-style: initial; border-color: initial; width: auto; max-height: 600px; font-family: Consolas, Menlo, Monaco, &amp;quot;Lucida Console&amp;quot;, &amp;quot;Liberation Mono&amp;quot;, &amp;quot;DejaVu Sans Mono&amp;quot;, &amp;quot;Bitstream Vera Sans Mono&amp;quot;, &amp;quot;Courier New&amp;quot;, monospace, sans-serif; background-color: rgb(239, 240, 241); color: rgb(57, 51, 24); word-wrap: normal;&quot;&gt;&lt;code style=&quot;margin: 0px; border: 0px; font-size: 13px; font-family: Consolas, Menlo, Monaco, &amp;quot;Lucida Console&amp;quot;, &amp;quot;Liberation Mono&amp;quot;, &amp;quot;DejaVu Sans Mono&amp;quot;, &amp;quot;Bitstream Vera Sans Mono&amp;quot;, &amp;quot;Courier New&amp;quot;, monospace, sans-serif; background-color: rgb(239, 240, 241); white-space: inherit;&quot;&gt;&lt;span class=&quot;kwd&quot; style=&quot;margin: 0px; padding: 0px; border: 0px; color: rgb(16, 16, 148);&quot;&gt;var&lt;/span&gt;&lt;span class=&quot;pln&quot; style=&quot;margin: 0px; padding: 0px; border: 0px; color: rgb(48, 51, 54);&quot;&gt; partyEvent &lt;/span&gt;&lt;span class=&quot;pun&quot; style=&quot;margin: 0px; padding: 0px; border: 0px; color: rgb(48, 51, 54);&quot;&gt;=&lt;/span&gt;&lt;span class=&quot;pln&quot; style=&quot;margin: 0px; padding: 0px; border: 0px; color: rgb(48, 51, 54);&quot;&gt; &lt;/span&gt;&lt;span class=&quot;kwd&quot; style=&quot;margin: 0px; padding: 0px; border: 0px; color: rgb(16, 16, 148);&quot;&gt;function&lt;/span&gt;&lt;span class=&quot;pun&quot; style=&quot;margin: 0px; padding: 0px; border: 0px; color: rgb(48, 51, 54);&quot;&gt;()&lt;/span&gt;&lt;span class=&quot;pln&quot; style=&quot;margin: 0px; padding: 0px; border: 0px; color: rgb(48, 51, 54);&quot;&gt;\r\n&lt;/span&gt;&lt;span class=&quot;pun&quot; style=&quot;margin: 0px; padding: 0px; border: 0px; color: rgb(48, 51, 54);&quot;&gt;{&lt;/span&gt;&lt;span class=&quot;pln&quot; style=&quot;margin: 0px; padding: 0px; border: 0px; color: rgb(48, 51, 54);&quot;&gt;\r\n    &lt;/span&gt;&lt;span class=&quot;kwd&quot; style=&quot;margin: 0px; padding: 0px; border: 0px; color: rgb(16, 16, 148);&quot;&gt;if&lt;/span&gt;&lt;span class=&quot;pln&quot; style=&quot;margin: 0px; padding: 0px; border: 0px; color: rgb(48, 51, 54);&quot;&gt; &lt;/span&gt;&lt;span class=&quot;pun&quot; style=&quot;margin: 0px; padding: 0px; border: 0px; color: rgb(48, 51, 54);&quot;&gt;(&lt;/span&gt;&lt;span class=&quot;pln&quot; style=&quot;margin: 0px; padding: 0px; border: 0px; color: rgb(48, 51, 54);&quot;&gt;partyBtn &lt;/span&gt;&lt;span class=&quot;pun&quot; style=&quot;margin: 0px; padding: 0px; border: 0px; color: rgb(48, 51, 54);&quot;&gt;&amp;lt;&lt;/span&gt;&lt;span class=&quot;pln&quot; style=&quot;margin: 0px; padding: 0px; border: 0px; color: rgb(48, 51, 54);&quot;&gt; &lt;/span&gt;&lt;span class=&quot;lit&quot; style=&quot;margin: 0px; padding: 0px; border: 0px; color: rgb(125, 39, 39);&quot;&gt;0&lt;/span&gt;&lt;span class=&quot;pun&quot; style=&quot;margin: 0px; padding: 0px; border: 0px; color: rgb(48, 51, 54);&quot;&gt;)&lt;/span&gt;&lt;span class=&quot;pln&quot; style=&quot;margin: 0px; padding: 0px; border: 0px; color: rgb(48, 51, 54);&quot;&gt; \r\n    &lt;/span&gt;&lt;span class=&quot;pun&quot; style=&quot;margin: 0px; padding: 0px; border: 0px; color: rgb(48, 51, 54);&quot;&gt;{&lt;/span&gt;&lt;span class=&quot;pln&quot; style=&quot;margin: 0px; padding: 0px; border: 0px; color: rgb(48, 51, 54);&quot;&gt;\r\n        partyBtn &lt;/span&gt;&lt;span class=&quot;pun&quot; style=&quot;margin: 0px; padding: 0px; border: 0px; color: rgb(48, 51, 54);&quot;&gt;=&lt;/span&gt;&lt;span class=&quot;pln&quot; style=&quot;margin: 0px; padding: 0px; border: 0px; color: rgb(48, 51, 54);&quot;&gt; &lt;/span&gt;&lt;span class=&quot;kwd&quot; style=&quot;margin: 0px; padding: 0px; border: 0px; color: rgb(16, 16, 148);&quot;&gt;new&lt;/span&gt;&lt;span class=&quot;pln&quot; style=&quot;margin: 0px; padding: 0px; border: 0px; color: rgb(48, 51, 54);&quot;&gt; &lt;/span&gt;&lt;span class=&quot;typ&quot; style=&quot;margin: 0px; padding: 0px; border: 0px; color: rgb(43, 145, 175);&quot;&gt;Date&lt;/span&gt;&lt;span class=&quot;pun&quot; style=&quot;margin: 0px; padding: 0px; border: 0px; color: rgb(48, 51, 54);&quot;&gt;().&lt;/span&gt;&lt;span class=&quot;pln&quot; style=&quot;margin: 0px; padding: 0px; border: 0px; color: rgb(48, 51, 54);&quot;&gt;getHours&lt;/span&gt;&lt;span class=&quot;pun&quot; style=&quot;margin: 0px; padding: 0px; border: 0px; color: rgb(48, 51, 54);&quot;&gt;();&lt;/span&gt;&lt;span class=&quot;pln&quot; style=&quot;margin: 0px; padding: 0px; border: 0px; color: rgb(48, 51, 54);&quot;&gt; \r\n        partyBtn &lt;/span&gt;&lt;span class=&quot;pun&quot; style=&quot;margin: 0px; padding: 0px; border: 0px; color: rgb(48, 51, 54);&quot;&gt;=&lt;/span&gt;&lt;span class=&quot;pln&quot; style=&quot;margin: 0px; padding: 0px; border: 0px; color: rgb(48, 51, 54);&quot;&gt; &lt;/span&gt;&lt;span class=&quot;str&quot; style=&quot;margin: 0px; padding: 0px; border: 0px; color: rgb(125, 39, 39);&quot;&gt;&quot;Party Over&quot;&lt;/span&gt;&lt;span class=&quot;pun&quot; style=&quot;margin: 0px; padding: 0px; border: 0px; color: rgb(48, 51, 54);&quot;&gt;;&lt;/span&gt;&lt;span class=&quot;pln&quot; style=&quot;margin: 0px; padding: 0px; border: 0px; color: rgb(48, 51, 54);&quot;&gt;\r\n\r\n      &lt;/span&gt;&lt;span class=&quot;com&quot; style=&quot;margin: 0px; padding: 0px; border: 0px; color: rgb(133, 140, 147);&quot;&gt;// text in the button should read &quot;Party Over&quot;&lt;/span&gt;&lt;span class=&quot;pln&quot; style=&quot;margin: 0px; padding: 0px; border: 0px; color: rgb(48, 51, 54);&quot;&gt;\r\n        &lt;/span&gt;&lt;span class=&quot;com&quot; style=&quot;margin: 0px; padding: 0px; border: 0px; color: rgb(133, 140, 147);&quot;&gt;// color of the button should be &quot;#0A8DAB&quot; (bonus!)&lt;/span&gt;&lt;span class=&quot;pln&quot; style=&quot;margin: 0px; padding: 0px; border: 0px; color: rgb(48, 51, 54);&quot;&gt;\r\n    &lt;/span&gt;&lt;span class=&quot;pun&quot; style=&quot;margin: 0px; padding: 0px; border: 0px; color: rgb(48, 51, 54);&quot;&gt;}&lt;/span&gt;&lt;span class=&quot;pln&quot; style=&quot;margin: 0px; padding: 0px; border: 0px; color: rgb(48, 51, 54);&quot;&gt;\r\n\r\n    &lt;/span&gt;&lt;span class=&quot;kwd&quot; style=&quot;margin: 0px; padding: 0px; border: 0px; color: rgb(16, 16, 148);&quot;&gt;else&lt;/span&gt;&lt;span class=&quot;pln&quot; style=&quot;margin: 0px; padding: 0px; border: 0px; color: rgb(48, 51, 54);&quot;&gt;\r\n    &lt;/span&gt;&lt;span class=&quot;pun&quot; style=&quot;margin: 0px; padding: 0px; border: 0px; color: rgb(48, 51, 54);&quot;&gt;{&lt;/span&gt;&lt;span class=&quot;pln&quot; style=&quot;margin: 0px; padding: 0px; border: 0px; color: rgb(48, 51, 54);&quot;&gt;\r\n        partyBtn &lt;/span&gt;&lt;span class=&quot;pun&quot; style=&quot;margin: 0px; padding: 0px; border: 0px; color: rgb(48, 51, 54);&quot;&gt;=&lt;/span&gt;&lt;span class=&quot;pln&quot; style=&quot;margin: 0px; padding: 0px; border: 0px; color: rgb(48, 51, 54);&quot;&gt; &lt;/span&gt;&lt;span class=&quot;pun&quot; style=&quot;margin: 0px; padding: 0px; border: 0px; color: rgb(48, 51, 54);&quot;&gt;-&lt;/span&gt;&lt;span class=&quot;lit&quot; style=&quot;margin: 0px; padding: 0px; border: 0px; color: rgb(125, 39, 39);&quot;&gt;1&lt;/span&gt;&lt;span class=&quot;pun&quot; style=&quot;margin: 0px; padding: 0px; border: 0px; color: rgb(48, 51, 54);&quot;&gt;;&lt;/span&gt;&lt;span class=&quot;pln&quot; style=&quot;margin: 0px; padding: 0px; border: 0px; color: rgb(48, 51, 54);&quot;&gt;\r\n        partyBtn &lt;/span&gt;&lt;span class=&quot;pun&quot; style=&quot;margin: 0px; padding: 0px; border: 0px; color: rgb(48, 51, 54);&quot;&gt;=&lt;/span&gt;&lt;span class=&quot;pln&quot; style=&quot;margin: 0px; padding: 0px; border: 0px; color: rgb(48, 51, 54);&quot;&gt; &lt;/span&gt;&lt;span class=&quot;str&quot; style=&quot;margin: 0px; padding: 0px; border: 0px; color: rgb(125, 39, 39);&quot;&gt;&quot;PARTY TIME!&quot;&lt;/span&gt;&lt;span class=&quot;pun&quot; style=&quot;margin: 0px; padding: 0px; border: 0px; color: rgb(48, 51, 54);&quot;&gt;;&lt;/span&gt;&lt;span class=&quot;pln&quot; style=&quot;margin: 0px; padding: 0px; border: 0px; color: rgb(48, 51, 54);&quot;&gt;\r\n\r\n        &lt;/span&gt;&lt;span class=&quot;com&quot; style=&quot;margin: 0px; padding: 0px; border: 0px; color: rgb(133, 140, 147);&quot;&gt;// text in the button should read &quot;PARTY TIME!&quot;&lt;/span&gt;&lt;span class=&quot;pln&quot; style=&quot;margin: 0px; padding: 0px; border: 0px; color: rgb(48, 51, 54);&quot;&gt;\r\n        &lt;/span&gt;&lt;span class=&quot;com&quot; style=&quot;margin: 0px; padding: 0px; border: 0px; color: rgb(133, 140, 147);&quot;&gt;// color of the button should be &quot;#222&quot; (bonus!)&lt;/span&gt;&lt;span class=&quot;pln&quot; style=&quot;margin: 0px; padding: 0px; border: 0px; color: rgb(48, 51, 54);&quot;&gt;\r\n    &lt;/span&gt;&lt;span class=&quot;pun&quot; style=&quot;margin: 0px; padding: 0px; border: 0px; color: rgb(48, 51, 54);&quot;&gt;}&lt;/span&gt;&lt;span class=&quot;pln&quot; style=&quot;margin: 0px; padding: 0px; border: 0px; color: rgb(48, 51, 54);&quot;&gt;\r\n&lt;/span&gt;&lt;span class=&quot;pun&quot; style=&quot;margin: 0px; padding: 0px; border: 0px; color: rgb(48, 51, 54);&quot;&gt;};&lt;/span&gt;&lt;span class=&quot;pln&quot; style=&quot;margin: 0px; padding: 0px; border: 0px; color: rgb(48, 51, 54);&quot;&gt;\r\n\r\npartyBtn&lt;/span&gt;&lt;span class=&quot;pun&quot; style=&quot;margin: 0px; padding: 0px; border: 0px; color: rgb(48, 51, 54);&quot;&gt;.&lt;/span&gt;&lt;span class=&quot;pln&quot; style=&quot;margin: 0px; padding: 0px; border: 0px; color: rgb(48, 51, 54);&quot;&gt;addEventListener&lt;/span&gt;&lt;span class=&quot;pun&quot; style=&quot;margin: 0px; padding: 0px; border: 0px; color: rgb(48, 51, 54);&quot;&gt;(&lt;/span&gt;&lt;span class=&quot;str&quot; style=&quot;margin: 0px; padding: 0px; border: 0px; color: rgb(125, 39, 39);&quot;&gt;&quot;click&quot;&lt;/span&gt;&lt;span class=&quot;pun&quot; style=&quot;margin: 0px; padding: 0px; border: 0px; color: rgb(48, 51, 54);&quot;&gt;,&lt;/span&gt;&lt;span class=&quot;pln&quot; style=&quot;margin: 0px; padding: 0px; border: 0px; color: rgb(48, 51, 54);&quot;&gt; partyEvent&lt;/span&gt;&lt;span class=&quot;pun&quot; style=&quot;margin: 0px; padding: 0px; border: 0px; color: rgb(48, 51, 54);&quot;&gt;);&lt;/span&gt;&lt;/code&gt;&lt;/pre&gt;', '', 'TRUE', '', 'javascript', '2016-08-29'),
(1, 71, 'How to remove a key from a python dictionary?', '&lt;p style=&quot;margin-bottom: 1em; padding: 0px; border: 0px; font-size: 15px; clear: both; color: rgb(36, 39, 41); font-family: Arial, &amp;quot;Helvetica Neue&amp;quot;, Helvetica, sans-serif;&quot;&gt;I have this string:&lt;/p&gt;&lt;pre class=&quot;default prettyprint prettyprinted&quot; style=&quot;margin-bottom: 1em; padding: 5px; border-width: 0px; border-style: initial; border-color: initial; width: auto; max-height: 600px; font-family: Consolas, Menlo, Monaco, &amp;quot;Lucida Console&amp;quot;, &amp;quot;Liberation Mono&amp;quot;, &amp;quot;DejaVu Sans Mono&amp;quot;, &amp;quot;Bitstream Vera Sans Mono&amp;quot;, &amp;quot;Courier New&amp;quot;, monospace, sans-serif; background-color: rgb(239, 240, 241); color: rgb(57, 51, 24); word-wrap: normal;&quot;&gt;&lt;code style=&quot;margin: 0px; border: 0px; font-size: 13px; font-family: Consolas, Menlo, Monaco, &amp;quot;Lucida Console&amp;quot;, &amp;quot;Liberation Mono&amp;quot;, &amp;quot;DejaVu Sans Mono&amp;quot;, &amp;quot;Bitstream Vera Sans Mono&amp;quot;, &amp;quot;Courier New&amp;quot;, monospace, sans-serif; background-color: rgb(239, 240, 241); white-space: inherit;&quot;&gt;&lt;span class=&quot;str&quot; style=&quot;margin: 0px; padding: 0px; border: 0px; color: rgb(125, 39, 39);&quot;&gt;&quot;Test abc test test abc test test test abc test test abc&quot;&lt;/span&gt;&lt;/code&gt;&lt;/pre&gt;&lt;p style=&quot;margin-bottom: 1em; padding: 0px; border: 0px; font-size: 15px; clear: both; color: rgb(36, 39, 41); font-family: Arial, &amp;quot;Helvetica Neue&amp;quot;, Helvetica, sans-serif;&quot;&gt;Doing&lt;/p&gt;&lt;pre class=&quot;default prettyprint prettyprinted&quot; style=&quot;margin-bottom: 1em; padding: 5px; border-width: 0px; border-style: initial; border-color: initial; width: auto; max-height: 600px; font-family: Consolas, Menlo, Monaco, &amp;quot;Lucida Console&amp;quot;, &amp;quot;Liberation Mono&amp;quot;, &amp;quot;DejaVu Sans Mono&amp;quot;, &amp;quot;Bitstream Vera Sans Mono&amp;quot;, &amp;quot;Courier New&amp;quot;, monospace, sans-serif; background-color: rgb(239, 240, 241); color: rgb(57, 51, 24); word-wrap: normal;&quot;&gt;&lt;code style=&quot;margin: 0px; border: 0px; font-size: 13px; font-family: Consolas, Menlo, Monaco, &amp;quot;Lucida Console&amp;quot;, &amp;quot;Liberation Mono&amp;quot;, &amp;quot;DejaVu Sans Mono&amp;quot;, &amp;quot;Bitstream Vera Sans Mono&amp;quot;, &amp;quot;Courier New&amp;quot;, monospace, sans-serif; background-color: rgb(239, 240, 241); white-space: inherit;&quot;&gt;&lt;span class=&quot;pln&quot; style=&quot;margin: 0px; padding: 0px; border: 0px; color: rgb(48, 51, 54);&quot;&gt;str &lt;/span&gt;&lt;span class=&quot;pun&quot; style=&quot;margin: 0px; padding: 0px; border: 0px; color: rgb(48, 51, 54);&quot;&gt;=&lt;/span&gt;&lt;span class=&quot;pln&quot; style=&quot;margin: 0px; padding: 0px; border: 0px; color: rgb(48, 51, 54);&quot;&gt; str&lt;/span&gt;&lt;span class=&quot;pun&quot; style=&quot;margin: 0px; padding: 0px; border: 0px; color: rgb(48, 51, 54);&quot;&gt;.&lt;/span&gt;&lt;span class=&quot;pln&quot; style=&quot;margin: 0px; padding: 0px; border: 0px; color: rgb(48, 51, 54);&quot;&gt;replace&lt;/span&gt;&lt;span class=&quot;pun&quot; style=&quot;margin: 0px; padding: 0px; border: 0px; color: rgb(48, 51, 54);&quot;&gt;(&lt;/span&gt;&lt;span class=&quot;str&quot; style=&quot;margin: 0px; padding: 0px; border: 0px; color: rgb(125, 39, 39);&quot;&gt;''abc''&lt;/span&gt;&lt;span class=&quot;pun&quot; style=&quot;margin: 0px; padding: 0px; border: 0px; color: rgb(48, 51, 54);&quot;&gt;,&lt;/span&gt;&lt;span class=&quot;pln&quot; style=&quot;margin: 0px; padding: 0px; border: 0px; color: rgb(48, 51, 54);&quot;&gt; &lt;/span&gt;&lt;span class=&quot;str&quot; style=&quot;margin: 0px; padding: 0px; border: 0px; color: rgb(125, 39, 39);&quot;&gt;''''&lt;/span&gt;&lt;span class=&quot;pun&quot; style=&quot;margin: 0px; padding: 0px; border: 0px; color: rgb(48, 51, 54);&quot;&gt;);&lt;/span&gt;&lt;/code&gt;&lt;/pre&gt;&lt;p style=&quot;margin-bottom: 1em; padding: 0px; border: 0px; font-size: 15px; clear: both; color: rgb(36, 39, 41); font-family: Arial, &amp;quot;Helvetica Neue&amp;quot;, Helvetica, sans-serif;&quot;&gt;seems to only remove the first occurrence of&amp;nbsp;&lt;code style=&quot;margin: 0px; padding: 1px 5px; border: 0px; font-size: 13px; font-family: Consolas, Menlo, Monaco, &amp;quot;Lucida Console&amp;quot;, &amp;quot;Liberation Mono&amp;quot;, &amp;quot;DejaVu Sans Mono&amp;quot;, &amp;quot;Bitstream Vera Sans Mono&amp;quot;, &amp;quot;Courier New&amp;quot;, monospace, sans-serif; background-color: rgb(239, 240, 241); white-space: pre-wrap;&quot;&gt;abc&lt;/code&gt;&amp;nbsp;in the string above. How can I replace&amp;nbsp;&lt;strong style=&quot;margin: 0px; padding: 0px; border: 0px;&quot;&gt;all&lt;/strong&gt;occurrences of it?&lt;/p&gt;', '', 'TRUE', '', 'python', '2016-02-02'),
(1, 72, 'Module 3 Topic 1', '&lt;p&gt;how to design a html page using bootstrap&lt;/p&gt;', '', 'TRUE', '', 'html bootstrap', '2016-12-13'),
(23, 73, 'what is c++', '&lt;p&gt;I want to know about C++ briefly.&lt;/p&gt;', '', 'TRUE', '', 'Computerscience C++', '2016-12-13'),
(23, 74, 'what is java', '&lt;p&gt;java java java java java&lt;/p&gt;', '', 'TRUE', '', 'java', '2016-12-13');

-- --------------------------------------------------------

--
-- Table structure for table `vote`
--

CREATE TABLE `vote` (
  `id` int(11) NOT NULL,
  `ansid` int(150) NOT NULL,
  `quesid` int(150) NOT NULL,
  `askid` int(150) NOT NULL,
  `votes` int(150) NOT NULL,
  `vtype` varchar(150) NOT NULL
) ENGINE=InnoDB DEFAULT CHARSET=latin1;

--
-- Dumping data for table `vote`
--

INSERT INTO `vote` (`id`, `ansid`, `quesid`, `askid`, `votes`, `vtype`) VALUES
(119, 0, 65, 1, -1, 'q'),
(121, 0, 62, 1, 1, 'q'),
(122, 0, 58, 1, -1, 'q'),
(124, 0, 73, 21, 1, 'q'),
(125, 48, 73, 22, 1, 'a'),
(126, 0, 73, 22, 1, 'q');

--
-- Indexes for dumped tables
--

--
-- Indexes for table `answer`
--
ALTER TABLE `answer`
  ADD PRIMARY KEY (`aid`),
  ADD KEY `FK2question` (`qid`),
  ADD KEY `auid` (`auid`);

--
-- Indexes for table `asker`
--
ALTER TABLE `asker`
  ADD PRIMARY KEY (`uid`);

--
-- Indexes for table `question`
--
ALTER TABLE `question`
  ADD PRIMARY KEY (`qid`),
  ADD UNIQUE KEY `qid` (`qid`),
  ADD KEY `uid` (`uid`);

--
-- Indexes for table `vote`
--
ALTER TABLE `vote`
  ADD PRIMARY KEY (`id`),
  ADD KEY `askid` (`askid`),
  ADD KEY `ansid` (`ansid`),
  ADD KEY `vote_ibfk_4` (`quesid`);

--
-- AUTO_INCREMENT for dumped tables
--

--
-- AUTO_INCREMENT for table `answer`
--
ALTER TABLE `answer`
  MODIFY `aid` int(200) NOT NULL AUTO_INCREMENT, AUTO_INCREMENT=58;
--
-- AUTO_INCREMENT for table `asker`
--
ALTER TABLE `asker`
  MODIFY `uid` int(150) NOT NULL AUTO_INCREMENT, AUTO_INCREMENT=24;
--
-- AUTO_INCREMENT for table `question`
--
ALTER TABLE `question`
  MODIFY `qid` int(11) NOT NULL AUTO_INCREMENT, AUTO_INCREMENT=75;
--
-- AUTO_INCREMENT for table `vote`
--
ALTER TABLE `vote`
  MODIFY `id` int(11) NOT NULL AUTO_INCREMENT, AUTO_INCREMENT=127;
--
-- Constraints for dumped tables
--

--
-- Constraints for table `answer`
--
ALTER TABLE `answer`
  ADD CONSTRAINT `FK2question` FOREIGN KEY (`qid`) REFERENCES `question` (`qid`),
  ADD CONSTRAINT `answer_ibfk_1` FOREIGN KEY (`auid`) REFERENCES `asker` (`uid`);

--
-- Constraints for table `question`
--
ALTER TABLE `question`
  ADD CONSTRAINT `question_ibfk_1` FOREIGN KEY (`uid`) REFERENCES `asker` (`uid`);

--
-- Constraints for table `vote`
--
ALTER TABLE `vote`
  ADD CONSTRAINT `vote_ibfk_2` FOREIGN KEY (`askid`) REFERENCES `asker` (`uid`);

/*!40101 SET CHARACTER_SET_CLIENT=@OLD_CHARACTER_SET_CLIENT */;
/*!40101 SET CHARACTER_SET_RESULTS=@OLD_CHARACTER_SET_RESULTS */;
/*!40101 SET COLLATION_CONNECTION=@OLD_COLLATION_CONNECTION */;
